Industry,Stock,+/-,EPS,PE,ROA,ROE,Giá SS,P/B,Beta,totalVolume,NN,von
bds,VIC,77.2(-0.2),737,105,2%,6%,18.8,411%,1.3,"2,637,707,954","624,438,089(24%)","204,159"
bds,NVL,65.1(1.8),"2,278",27.8,3%,12%,21.1,299%,0.2,"622,828,788",0(0%),"39,425"
bds,REE,41.1(0.2),"5,439",7.5,13%,21%,27,152%,1.4,"305,056,367","151,928,832(50%)","12,681"
bds,SDI,87(-0.2),"4,963",17.5,5%,22%,22.1,394%,0,"287,989,920","58,486,842(20%)","10,440"
bds,KDH,27.4(-0.2),"1,431",19.2,6%,11%,20.5,134%,0,"336,000,000","88,200,000(26%)","9,240"
bds,PDR,35.7(-0.1),"1,865",19.1,4%,16%,11.8,302%,0.3,"221,990,923","98,886,885(45%)","7,925"
bds,HAG,7.4(-0.1),709,10.5,2%,6%,19.6,38%,1,"927,467,947","336,368,351(36%)","6,910"
bds,KBC,13.4(0),"1,236",10.8,4%,7%,19.3,69%,0.6,"469,760,512","233,098,471(50%)","6,375"
bds,DXG,21.5(0.9),"2,841",7.3,12%,27%,14.9,138%,1.1,"303,134,686","57,459,149(19%)","6,246"
bds,NHN,30(0),"12,251",2.4,7%,29%,51.6,58%,0,"200,000,000","98,000,000(49%)","6,000"
bds,DIG,20.6(0.2),346,59,1%,3%,11.9,171%,0.6,"238,194,819","113,530,461(48%)","4,859"
bds,NLG,30(-0.1),"3,400",8.9,9%,18%,22.9,131%,0.5,"157,226,409","69,636,109(44%)","4,733"
bds,FLC,6.9(-0.0),862,8.1,3%,7%,13.4,52%,0.5,"638,038,737","259,637,051(41%)","4,447"
bds,QCG,14.9(0.9),"1,571",8.9,4%,11%,14.9,94%,1.1,"275,129,310","134,813,361(49%)","3,852"
bds,SJS,30(-1),472,65.7,1%,2%,20.1,154%,0.5,"99,041,940","49,000,000(49%)","3,100"
bds,ITA,3.3(-0.0),65,50.2,0%,1%,11,30%,0.7,"937,883,609","410,765,520(44%)","3,059"
bds,HDG,34.3(0),"1,736",19.8,2%,10%,24.2,142%,0.2,"75,968,080","33,841,077(45%)","2,606"
bds,SCR,9.2(-0.1),410,22.7,1%,3%,14.6,64%,0.9,"243,872,424","106,363,875(44%)","2,268"
bds,IDI,10.9(-0.4),"1,294",8.7,4%,10%,13.1,86%,1.4,"181,609,671","88,988,738(49%)","2,043"
bds,NBB,18.9(-1.1),939,21.3,2%,6%,24.4,82%,1.4,"95,772,699","28,577,388(30%)","1,918"
bds,CEO,10(-0.1),"1,036",9.7,5%,12%,14.1,72%,0.4,"154,403,991","50,438,637(33%)","1,559"
bds,IJC,9.9(0.1),"1,367",7.1,2%,12%,11.9,82%,0.6,"137,097,323","134,355,317(98%)","1,337"
bds,HQC,2.6(0),203,13,1%,2%,9.6,27%,0.6,"476,600,000","209,034,000(44%)","1,258"
bds,TDH,14.7(0),"2,012",7.3,6%,9%,22,67%,0.6,"81,454,867","34,784,306(43%)","1,200"
bds,SGR,30(1),"7,038",4.1,21%,49%,14.3,203%,0,"39,599,989","6,468,000(16%)","1,148"
bds,SHN,9.7(0.1),888,10.8,5%,7%,13.7,70%,0.3,"123,436,278","20,755,596(17%)","1,129"
bds,DLG,3.6(-0.1),252,14.7,1%,2%,11.8,31%,1,"285,057,815","107,401,197(38%)","1,055"
bds,ITC,13.7(-0.3),"1,346",10.4,3%,6%,22.8,61%,-0.1,"68,646,328","33,852,477(49%)",967
bds,DRH,19(-0.3),"2,033",9.5,11%,15%,13.7,140%,-0.2,"48,714,150","24,010,000(49%)",943
bds,LCG,10.9(-0.1),"1,219",9,4%,10%,14,79%,-0.1,"78,000,000","37,362,478(48%)",858
bds,HDC,16.5(-0.1),"1,910",8.6,6%,13%,15.4,107%,0.5,"45,078,437","20,145,467(45%)",744
bds,TDC,7.4(0),"1,835",4,2%,17%,11.2,66%,-0.3,"100,000,000","49,000,000(49%)",738
bds,SZL,36.9(0.4),"4,941",7.4,6%,18%,27.8,131%,0.1,"18,190,900","9,800,000(54%)",730
bds,NTL,10.9(0.1),"1,852",5.8,7%,12%,15.4,70%,0.7,"60,989,950","31,164,000(51%)",687
bds,D2D,64(0),"5,624",11.4,4%,14%,40.3,159%,0.8,"10,654,984","5,243,000(49%)",685
bds,OGC,2.0(0.0),"-1,707",-1.2,-9%,-57%,3.2,63%,-0.3,"300,000,000","147,000,000(49%)",603
bds,VPH,11.2(-0.1),"3,712",3,12%,28%,15.7,71%,-0.3,"63,579,701","22,203,210(35%)",596
bds,IDV,32.6(-0.1),"4,997",6.5,11%,42%,16.7,196%,0.2,"16,172,549","5,666,960(35%)",529
bds,LEC,20.5(0.7),"1,008",19.6,4%,8%,13.2,150%,0.4,"26,100,000",0(0%),517
bds,KAC,21.3(0),111,191.4,1%,1%,11.9,178%,-0.3,"23,999,999","11,759,999(49%)",510
bds,LHG,17(-0.1),"3,205",5.3,10%,23%,25.6,67%,0.8,"27,368,654","12,780,487(47%)",467
bds,NDN,10.7(-0.1),"1,712",6.3,10%,14%,12.3,88%,0.4,"42,136,994","20,647,127(49%)",455
bds,LGL,11.5(-0.1),573,20.2,1%,5%,13.4,87%,0.5,"34,593,784","9,799,644(28%)",401
bds,SC5,25.1(-0.4),"4,258",6,3%,19%,22.5,113%,-0.1,"14,984,543","7,342,429(49%)",382
bds,NVT,3.4(-0.1),"-3,345",-1,-28%,-49%,6.4,54%,1.6,"90,500,000","44,345,000(49%)",312
bds,TIG,3.9(-0.1),233,17.2,2%,2%,11.2,36%,0.6,"77,243,250","33,320,000(43%)",309
bds,TKC,26(0.1),"2,539",10.2,3%,17%,15.2,170%,0.3,"10,732,232","5,577,293(52%)",295
bds,UIC,33.5(0.5),"7,916",4.2,15%,26%,30.6,108%,-0.3,"8,000,000","3,920,000(49%)",264
bds,SDU,12.4(-0.3),160,79.4,0%,1%,17.2,74%,-2.7,"20,000,000","9,800,000(49%)",254
bds,RCL,22.4(0),"1,336",16.8,3%,5%,28.1,80%,0.5,"7,559,358","2,469,457(33%)",169
bds,RCD,31.8(0),0,0,28%,65%,0,0%,0,"5,300,062","2,597,030(49%)",169
bds,DTA,10.1(0),214,47.2,1%,2%,10.2,99%,2.4,"15,000,000","4,900,000(33%)",152
bds,NHA,11.5(0.2),"1,681",6.7,14%,15%,11.4,99%,0.3,"12,759,997","5,684,000(45%)",144
bds,UDC,3.8(-0.0),"1,254",3,4%,11%,11.8,32%,-0.4,"34,706,000","17,150,000(49%)",132
bds,PVL,2.6(0),"-2,764",-0.9,-24%,-67%,4.1,63%,1.3,"50,000,000","24,500,000(49%)",130
bds,VCR,3.3(0),-403,-8.2,-2%,-5%,8.6,38%,1.2,"35,240,000","17,640,000(50%)",119
bds,CLG,5.0(-0.2),96,54.2,0%,1%,11.9,44%,0.6,"21,150,000","10,363,500(49%)",110
bds,PPI,2.1(0.0),-477,-4.4,-3%,-5%,10,21%,0.9,"48,290,629","23,662,408(49%)",102
bds,VNI,9(0),0,0,-7%,-29%,0,0%,0.2,"10,337,276","5,169,582(50%)",95
bds,D11,14(0.8),209,63.2,1%,1%,14,94%,-0.7,"6,551,965","2,140,308(33%)",86
bds,IDJ,2.3(-0.1),-25,-96,0%,0%,8.3,29%,1.1,"32,600,000","15,974,000(49%)",78
bds,PFL,1.5(0.1),-74,-18.9,-1%,-1%,7.2,19%,1.3,"50,000,000","24,427,400(49%)",70
bds,DLR,8.6(0),"-2,229",-3.9,-8%,-48%,4.6,187%,0.4,"4,500,000","2,205,000(49%)",39
caosu,HNG,9.4(-0.2),"1,064",9,3%,8%,13.5,71%,0.9,"767,143,895","375,900,508(49%)","7,334"
caosu,PHR,43.4(-0.4),"5,052",8.7,10%,17%,30.2,145%,1,"78,975,047","39,837,000(50%)","3,557"
caosu,DRC,24.1(0.2),"2,053",11.7,9%,16%,12.8,186%,0.5,"118,792,605","58,208,376(49%)","2,845"
caosu,DPR,38.9(-0.3),"6,308",6.2,8%,11%,61.2,64%,0.4,"43,000,000","21,070,000(49%)","1,686"
caosu,BRR,14.5(0),440,33,3%,4%,10.5,138%,0,"112,500,000",0(0%),"1,631"
caosu,CSM,15.7(0),"1,266",12.4,3%,11%,11.9,132%,0.2,"103,625,925","50,776,968(49%)","1,627"
caosu,HRC,35.5(0),226,157.1,1%,1%,17.6,201%,0.2,"30,206,616","14,801,244(49%)","1,072"
caosu,RTB,10.2(0),"3,536",2.9,12%,17%,20.7,49%,0,"87,945,000",0(0%),897
caosu,DRI,11.9(-0.2),"1,989",6.1,10%,17%,11.9,101%,0,"73,200,000",0(0%),886
caosu,TRC,28.8(0.1),"4,162",6.9,7%,8%,50.4,57%,0.4,"29,600,000","14,700,000(50%)",861
caosu,SRC,12.8(0),"1,574",8.1,5%,12%,12.7,101%,0.5,"28,065,765","9,823,233(35%)",359
caosu,TNC,11.5(0),"1,277",9,7%,8%,16,72%,0.1,"19,250,000","9,432,500(49%)",221
caosu,VHG,1.5(0.0),"-1,964",-0.7,-20%,-21%,9.6,15%,1.1,"150,000,000","73,500,000(49%)",218
caosu,RCD,31.8(0),0,0,28%,65%,0,0%,0,"5,300,062","2,597,030(49%)",169
caosu,RBC,14.6(0),0,0,1%,2%,0,0%,0,"10,030,308","4,914,850(49%)",146
caosu,BRC,9.6(-0.0),"1,720",5.6,8%,11%,15.5,62%,0.7,"12,374,997","6,063,748(49%)",119
caosu,VRG,5.2(0.6),111,41.4,1%,1%,9.9,46%,0,"25,894,868","12,688,485(49%)",119
caosu,CDR,12.3(0),0,0,2%,7%,0,0%,0,"1,600,000",0(0%),20
ck,SSI,28.6(-0.1),"1,852",15.5,5%,10%,18.2,158%,1.7,"490,063,684","480,063,684(98%)","14,040"
ck,VCI,77.9(3.8),"4,841",15.3,11%,22%,22.1,335%,-0.2,"120,000,000",0(0%),"8,892"
ck,HCM,60(-0.3),"3,425",17.6,9%,17%,20.2,299%,1.4,"129,521,213","62,355,811(48%)","7,824"
ck,VND,26.2(0.1),"2,886",9,7%,19%,15.3,170%,1.6,"154,998,165","75,949,100(49%)","4,045"
ck,KLB,10.2(0.3),0,0,0%,0%,11.5,87%,0,"300,000,000",0(0%),"3,000"
ck,SHS,21.2(0.2),"2,917",7.2,6%,21%,13.7,154%,2.6,"100,000,000","49,000,000(49%)","2,100"
ck,MBS,14.3(-0.1),159,90.6,0%,2%,10.5,137%,1.7,"122,124,280","59,840,897(49%)","1,759"
ck,BVS,21.3(0),"1,620",13.1,6%,7%,22.9,93%,0.7,"72,223,837","35,394,629(49%)","1,539"
ck,BSI,13.9(0.5),"1,931",7,10%,17%,12.1,112%,1.1,"97,637,917","42,385,000(43%)","1,251"
ck,AGR,6.1(0.4),379,15,4%,5%,8.3,68%,1.1,"211,200,000","103,880,000(49%)","1,202"
ck,FTS,12.3(0.2),2,"6,050",0%,0%,0,0%,0.7,"99,376,952",0(0%),"1,202"
ck,CTS,12(-0.1),"1,102",11,6%,9%,11.6,104%,1.3,"97,652,936","41,027,865(42%)","1,182"
ck,VIX,10.5(-0.2),844,12.7,4%,7%,12,89%,1.3,"73,604,580","34,349,080(47%)",788
ck,VDS,10(0.4),946,10.2,5%,11%,11.5,84%,-0.5,"91,000,000","34,300,000(38%)",673
ck,TVS,11.2(0.4),"2,338",4.6,8%,19%,12.4,87%,0.4,"55,229,291","23,345,505(42%)",628
ck,FSC,11.2(0),637,17.6,5%,5%,11.8,95%,0,"30,000,000",0(0%),336
ck,IVS,10(0.3),10,970,0%,0%,10.1,96%,0.7,"34,000,000","7,889,000(23%)",330
ck,TVB,18.7(0),"1,115",16.9,9%,11%,16.3,115%,0,"15,020,000","4,704,000(31%)",282
ck,PSI,4.1(-0.2),205,21,2%,2%,10.1,42%,0.5,"59,841,300","29,322,237(49%)",257
ck,SBS,2.3(0.3),-7,-285.7,0%,0%,1.6,125%,1.7,"126,660,000","61,118,477(48%)",253
ck,WSS,4(0),-122,-32.8,-1%,-1%,10.8,37%,0.7,"50,300,000","24,647,000(49%)",201
ck,APS,3.3(0.1),319,10,3%,3%,9.7,33%,1.3,"39,000,000","39,000,000(100%)",125
ck,HAC,4(0),0,0,0%,0%,0,0%,0,"29,181,096",0(0%),120
ck,VIG,3.3(0),-43,-76.7,-1%,-1%,6.4,52%,1.6,"34,133,300","16,725,317(49%)",113
ck,HBS,2.8(0.1),73,37,1%,1%,11.3,24%,1.2,"32,999,980","16,169,990(49%)",89
ck,APG,5.2(-0.1),349,15.2,3%,3%,10.4,51%,0.5,"13,528,900","6,629,161(49%)",72
congnghe,FPT,57.1(-0.1),"4,084",14,9%,21%,24.5,233%,1.1,"530,935,850","225,119,075(42%)","30,371"
congnghe,FOX,74.5(-0.3),"6,219",12,13%,29%,24.1,311%,0,"150,783,259",0(0%),"11,294"
congnghe,CMG,29(1.2),"2,411",11.5,8%,17%,17.9,155%,0.4,"67,242,694","32,997,556(49%)","1,872"
congnghe,SAM,7.3(0.0),186,39.3,1%,2%,13.9,52%,1.2,"241,785,703","88,315,314(37%)","1,767"
congnghe,ELC,13.9(-0.7),"1,241",11.8,6%,8%,16.5,89%,0.4,"50,928,243","22,832,713(45%)",744
congnghe,SGT,7(0),"2,157",3.2,9%,26%,8.2,85%,0.4,"74,001,604","36,260,937(49%)",518
congnghe,ST8,20(0),"1,341",14.9,9%,12%,13.2,152%,0.7,"25,659,902","9,694,919(38%)",514
congnghe,POT,22(1.4),"1,485",13.9,1%,9%,16.4,125%,0.7,"19,286,346","9,520,702(49%)",400
congnghe,CNC,35(0),0,0,19%,25%,0,0%,0,"9,470,357","4,590,174(48%)",331
congnghe,ABC,14.8(-0.2),"16,401",0.9,53%,63%,26.4,56%,0,"20,393,000","9,060(0%)",304
congnghe,VEC,6.3(-0.2),-135,-48.9,0%,0%,16.2,41%,0,"43,800,000",0(0%),289
congnghe,ITD,13.9(-0.6),"2,969",4.9,17%,27%,14.6,99%,0.5,"22,875,876","7,509,238(33%)",275
congnghe,TTN,5.5(0.3),"1,057",4.9,9%,15%,7.2,73%,0,"24,485,000",0(0%),127
congnghe,SMT,18.6(-1.4),"1,867",10.7,5%,12%,15.8,127%,0.3,"5,467,432","2,195,935(40%)",109
congnghe,UNI,6(0.2),14,414.3,0%,0%,10.4,56%,0.7,"15,316,032","7,652,639(50%)",91
congnghe,CNN,12.7(0),0,0,3%,13%,0,0%,0,"6,800,000","2,156,000(32%)",86
congnghe,CMT,10.5(0.5),"1,281",7.8,3%,7%,19.1,52%,0.4,"7,283,370","3,920,000(54%)",80
congnghe,CKV,17.7(0),"1,302",13.6,3%,6%,21,84%,0.4,"4,050,000","1,984,500(49%)",72
congnghe,SVT,6.5(0.1),253,25.5,2%,2%,12,54%,0.1,"10,526,937","5,158,199(49%)",68
congnghe,HPT,7.7(0),0,0,2%,10%,15.4,50%,0,"7,379,228","3,177,423(43%)",58
congnghe,KST,18.6(1.6),"2,903",5.9,6%,14%,20.1,84%,-0.1,"2,996,010","1,468,044(49%)",51
congnghe,ADC,16(0),"2,593",6.2,6%,17%,14.9,107%,0.9,"3,060,000","1,499,400(49%)",49
congnghe,IFC,13.8(1.6),22,554.5,-1%,7%,-9.4,-130%,0,"3,000,000","1,470,000(49%)",37
congnghe,ONE,4.9(0.2),574,8.2,1%,5%,13.4,35%,0.5,"7,960,310","3,546,118(45%)",37
congnghe,VTC,9(0.8),"1,611",5.1,5%,17%,18.5,44%,-0.6,"4,534,696","2,222,001(49%)",37
congnghe,TTZ,4.7(0.4),200,21.5,1%,2%,11.4,38%,1.6,"7,000,000","2,572,500(37%)",30
congnghe,TST,5(0),949,5.3,2%,5%,21.5,23%,0.3,"4,800,000","2,352,000(49%)",24
congnghe,SRA,8.5(0),"2,791",3,26%,33%,8.5,101%,-0.5,"2,000,000","980,000(49%)",17
congnghe,VIE,11(0),-194,-56.7,-2%,-3%,6.4,171%,0.5,"1,561,244","765,009(49%)",17
congnghe,VLA,16(1.2),"1,545",9.6,10%,11%,14.6,102%,-0.6,"1,080,000","529,200(49%)",16
congnghe,VAT,3.5(0),-166,-21.1,-1%,-1%,12.3,28%,0.7,"4,544,976","2,057,900(45%)",15
congnghe,LTC,3.3(0),-884,-3.7,-1%,-3%,28.9,11%,1,"4,586,000","2,247,140(49%)",15
dichvu,VEF,62.8(0.4),280,222.9,3%,3%,10.7,585%,0,"166,604,050","81,635,984(49%)","10,396"
dichvu,DL1,67.7(2),101,650.5,4%,5%,11.8,556%,-0.1,"101,177,353","7,457,141(7%)","6,647"
dichvu,PAN,36(0.1),"3,056",11.8,8%,11%,36.3,99%,0.3,"117,723,630","49,427,523(42%)","4,232"
dichvu,SKG,31.7(0.1),"4,239",7.4,25%,25%,16.7,189%,1.1,"47,979,437","16,792,908(35%)","1,514"
dichvu,OCH,7(0),-356,-19.7,-2%,-6%,5.6,126%,1.6,"200,000,000","98,000,000(49%)","1,400"
dichvu,VNG,16.1(-0.1),350,46.3,2%,4%,12.2,133%,0.3,"75,205,000","6,370,000(8%)","1,218"
dichvu,HAX,36.6(-0.6),"3,177",11.7,5%,20%,15.6,239%,0.5,"23,342,433","5,446,922(23%)",868
dichvu,BTV,35(2.3),597,55.4,3%,6%,10.8,306%,0,"25,000,000",0(0%),827
dichvu,TCT,62.9(0),"5,493",11.5,24%,25%,21.6,292%,0.2,"12,788,000","6,266,120(49%)",804
dichvu,DSN,64.7(-0.6),"6,767",9.6,35%,37%,18.3,357%,-0.1,"12,083,009","5,920,674(49%)",789
dichvu,SGH,39.3(0),978,40.2,8%,8%,11.8,332%,-0.5,"12,364,100","1,730,974(14%)",486
dichvu,MSC,13(0),"1,654",7.9,4%,9%,17.7,74%,-0.6,"22,500,000",0(0%),292
dichvu,BDP,10(0),-16,-625,0%,0%,9.7,104%,0,"25,000,000",0(0%),250
dichvu,VTG,8.5(0),10,850,0%,1%,9.5,90%,0,"18,644,500","9,135,805(49%)",158
dichvu,HOT,17.9(0),"1,510",11.9,8%,11%,13.7,130%,-1.4,"8,000,000","3,920,000(49%)",143
dichvu,DCD,12.5(1.3),240,46.7,4%,5%,10.8,104%,0,"11,294,323","5,528,968(49%)",126
dichvu,HES,13(0),175,74.3,3%,3%,12.2,107%,0,"9,297,450",0(0%),121
dichvu,FDT,39.2(0),"2,340",16.8,4%,20%,11.8,333%,0.1,"3,054,500","1,496,705(49%)",120
dichvu,TTR,50(0),483,103.5,1%,1%,9.6,522%,0,"1,993,393","976,762(49%)",100
dichvu,CMS,4.8(0),384,12.5,2%,4%,12.3,39%,0.3,"17,200,000","8,428,000(49%)",83
dichvu,VIR,9.6(0),0,0,8%,9%,0,0%,0,"8,240,000","4,037,600(49%)",79
dichvu,DLD,7.5(0),-165,-45.5,-1%,-2%,8.3,91%,0,"9,307,415","4,560,633(49%)",70
dichvu,PDC,4(0),502,8,4%,5%,9.8,41%,0.1,"15,000,000","7,350,000(49%)",60
dichvu,VCM,18.2(0),"2,745",6.6,6%,13%,21.5,85%,0.5,"3,000,000","1,470,000(49%)",55
dichvu,MTC,9.7(0),0,0,1%,1%,0,0%,0,"5,200,000","2,548,000(49%)",50
dichvu,BSC,14.4(0),328,43.9,2%,3%,11.5,125%,-1,"3,150,747","1,543,866(49%)",45
dichvu,CPH,8.3(0),"2,345",3.5,9%,18%,11.6,72%,0,"4,400,000",0(0%),37
dichvu,BRS,7.2(0),"1,779",4,10%,15%,10.9,66%,0,"4,541,950",0(0%),33
dichvu,CTC,3.4(0),622,5.5,2%,6%,10.6,32%,-0.4,"8,799,926","4,311,963(49%)",30
dichvu,DLT,11.6(0),"4,587",2.5,2%,22%,0,0%,0,"2,500,056","1,224,027(49%)",29
dichvu,MVY,5.4(0),0,0,2%,4%,0,0%,0,"3,969,946",0(0%),21
dvci,BWE,22.6(-0.2),988,23,1%,5%,21.6,105%,1.2,"150,000,000",0(0%),"3,405"
dvci,VCW,37(0.3),"3,301",11.2,16%,20%,16.1,229%,0,"50,000,000",0(0%),"1,845"
dvci,DNW,15(0.5),"1,971",7.4,6%,16%,12.8,113%,0,"100,000,000","9,499,200(9%)","1,450"
dvci,TTD,69(0),"4,036",17.1,23%,29%,13.7,503%,0,"15,552,000",0(0%),"1,073"
dvci,SWC,12.6(0),"6,855",1.9,35%,41%,16.9,75%,0,"67,100,000","32,864,000(49%)",852
dvci,HPW,10.3(0.1),952,10.7,6%,9%,11.7,87%,0,"74,206,940",0(0%),757
dvci,TDM,18(0.5),995,17.6,3%,8%,12.6,138%,0,"56,100,000","14,700,000(26%)",525
dvci,KHW,12.4(0),"1,135",10.9,5%,10%,11.5,108%,0,"26,000,000",0(0%),322
dvci,PWS,8.6(0),654,13.1,4%,6%,10.8,80%,0,"23,600,000",0(0%),203
dvci,CMW,10.6(0),435,24.4,1%,4%,10.3,103%,0,"15,534,900",0(0%),165
dvci,TNW,9(0),294,30.6,1%,2%,15.8,57%,0,"16,000,000",0(0%),144
dvci,QNU,10(0),0,0,2%,3%,0,0%,0,"6,800,000",0(0%),68
dvci,MPY,10.5(0),0,0,8%,9%,0,0%,0,"6,143,000",0(0%),65
dvci,UPC,21.2(2.7),0,0,8%,17%,0,0%,0,"3,400,000",0(0%),63
dvci,PYU,11.5(0),0,0,1%,1%,0,0%,0,"2,073,985",0(0%),24
duocpham,DHG,115(-1.3),"5,648",20.6,18%,26%,21.7,536%,0.6,"130,735,941","42,710,521(33%)","15,206"
duocpham,DVN,20.8(0.1),719,28.9,3%,8%,10.4,200%,0,"237,000,000",0(0%),"4,930"
duocpham,TRA,117(1),"5,351",21.7,17%,21%,27.2,427%,0.1,"41,450,983","16,927,302(41%)","4,809"
duocpham,DMC,115.6(-0.9),"5,727",20.3,18%,21%,27.5,424%,1,"34,727,465","17,016,457(49%)","4,046"
duocpham,IMP,65(-0.9),"2,937",22.4,8%,9%,32.3,204%,0.1,"42,978,151","14,181,896(33%)","2,832"
duocpham,DGC,32.8(-0.7),"4,133",8.1,12%,17%,31.1,108%,0.6,"50,008,875","24,504,348(49%)","1,675"
duocpham,CSV,37.8(-0.1),"4,871",7.8,22%,28%,17.6,215%,-0.2,"44,200,000","21,658,000(49%)","1,673"
duocpham,DGL,33(0),"2,330",14.2,7%,12%,19.4,170%,0.6,"46,399,888","22,735,945(49%)","1,531"
duocpham,OPC,60(1.5),"3,480",16.8,8%,15%,24.2,241%,0.4,"25,311,696","12,402,731(49%)","1,481"
duocpham,DCL,22.8(0.3),"1,626",13.8,9%,12%,13.6,165%,1.5,"56,832,824","27,603,083(49%)","1,279"
duocpham,HAI,7.4(-0.0),373,19.8,3%,5%,11.8,63%,0.2,"184,327,493","57,476,663(31%)",867
duocpham,DHT,67(-1.4),"5,464",12.5,13%,34%,17.9,381%,0,"12,563,691","3,078,474(25%)",859
duocpham,VFG,33.5(0),"4,891",6.8,7%,15%,33.2,101%,-0.1,"23,759,979","8,959,863(38%)",796
duocpham,PMC,68(0),"7,885",8.6,24%,29%,27.3,249%,0.1,"9,332,573","4,572,960(49%)",635
duocpham,DP3,74.3(0.3),"4,549",16.3,12%,22%,20.8,356%,-1,"6,800,000","3,332,000(49%)",503
duocpham,JVC,4.1(-0.1),80,51.9,1%,2%,4.7,88%,0,"112,500,171","55,125,083(49%)",467
duocpham,AMV,16.5(-0.3),65,258.5,1%,1%,11.6,145%,-0.1,"27,115,750","1,036,717(4%)",456
duocpham,VPS,19(1.1),"1,983",9.1,9%,14%,14.4,124%,0.1,"24,460,792","8,561,277(35%)",439
duocpham,VMD,26(0),"2,134",12.2,0%,9%,23.9,109%,0.1,"15,440,268","4,135,731(27%)",401
duocpham,UPH,21(-4),334,74.9,1%,3%,12.3,203%,0,"13,294,641",0(0%),332
duocpham,AMP,19(0),"1,063",17.9,1%,8%,12.8,149%,0,"13,000,000",0(0%),247
duocpham,LDP,31(0),"2,520",12.3,6%,18%,13.7,226%,1.1,"7,829,958","1,665,979(21%)",243
duocpham,DP2,12(1.4),74,143.2,0%,1%,10.1,105%,0,"20,000,000",0(0%),212
duocpham,DHD,32.4(-0.3),"1,088",30.1,10%,20%,34.1,96%,0,"6,000,000",0(0%),196
duocpham,DBT,16(0.7),"1,807",8.5,3%,9%,18.9,81%,-0.1,"12,314,494","3,772,905(31%)",188
duocpham,NDP,33(0),"3,277",10.1,9%,14%,24.3,136%,0,"6,105,000","2,719,500(45%)",183
duocpham,CPC,39.8(-0.4),"3,185",12.6,9%,16%,20,201%,0.3,"4,081,450","2,108,494(52%)",173
duocpham,NDC,23.8(0),0,0,12%,15%,0,0%,0,"5,680,000","2,781,300(49%)",135
duocpham,DDN,14(0),794,17.6,2%,17%,20.5,68%,0,"8,793,896","2,464,500(28%)",123
duocpham,HDP,15.8(0),434,36.4,3%,10%,13.7,115%,0,"5,851,310",0(0%),92
duocpham,DNM,20(0),"3,161",6.3,10%,17%,18.2,110%,0,"4,377,605","2,145,026(49%)",88
duocpham,DTG,24.5(0),0,0,4%,13%,0,0%,0,"3,398,250",0(0%),83
duocpham,CGP,8.2(0.9),0,0,5%,53%,2.7,269%,0,"10,735,708","5,194,726(48%)",78
duocpham,CEC,12.5(0),645,19.4,2%,8%,25.1,50%,0,"5,977,036","1,464,273(24%)",75
duocpham,PPP,12.5(0),"1,052",11.9,4%,9%,12.3,102%,0.2,"6,000,000","2,940,000(49%)",75
duocpham,MKV,10.8(0),-379,-28.5,-1%,-4%,10.1,107%,-0.2,"5,000,038","2,450,018(49%)",54
duocpham,DCI,19(-3),0,0,2%,4%,0,0%,0,"2,412,518",0(0%),53
duocpham,DBM,22.5(-3.9),"2,313",11.4,7%,12%,17.7,149%,0,"2,912,382","491,928(17%)",51
duocpham,MTP,16.2(0),124,130.6,1%,9%,0,0%,0,"3,001,503",0(0%),49
duocpham,TW3,17(0),0,0,1%,10%,0,0%,0,"1,750,000",0(0%),30
duocpham,BCP,5.7(0),340,16.8,2%,5%,0,0%,0,"4,040,000","1,962,100(49%)",23
giaoduc,DBD,54(0),"2,980",18.4,11%,18%,17,322%,0,"52,379,000",0(0%),"2,870"
giaoduc,VNB,18(0.1),370,48.6,3%,3%,10.7,169%,0,"67,909,960","33,275,880(49%)","1,222"
giaoduc,PNC,23.9(1.6),258,86.4,0%,2%,10.4,215%,2,"10,799,351","5,409,718(50%)",246
giaoduc,DST,6.9(-0.1),36,194.4,0%,0%,10.1,69%,0.8,"32,300,000","8,085,000(25%)",226
giaoduc,EID,14.8(0.5),"2,606",5.5,8%,15%,16.9,85%,0.3,"15,000,000","7,350,000(49%)",215
giaoduc,SED,21(0),"3,749",5.6,10%,18%,21.3,99%,-0.2,"10,000,000","4,900,000(49%)",210
giaoduc,STC,31(0),"2,782",11.1,9%,14%,21,148%,0.8,"5,380,730","2,776,109(52%)",176
giaoduc,BED,36(0),"2,407",15,12%,19%,12.8,282%,-0.3,"3,000,000","1,470,000(49%)",108
giaoduc,EBS,10.1(0.1),"1,456",6.9,7%,11%,12.7,79%,0.1,"9,938,784","5,007,547(50%)",102
giaoduc,DAD,19.8(0),"2,528",7.8,12%,15%,16.5,120%,0.4,"4,988,000","2,450,000(49%)",99
giaoduc,ALT,15(0),"1,187",12.6,3%,3%,35.9,42%,-0.1,"5,736,709","3,024,536(53%)",93
giaoduc,SGD,12.5(0.5),921,13,3%,7%,17,70%,0,"4,037,000","2,027,130(50%)",50
giaoduc,SMN,10.2(0.3),"1,996",5,7%,14%,13.8,72%,0,"4,405,000","2,158,450(49%)",44
giaoduc,EFI,3.5(0),610,5.7,3%,3%,12.9,27%,0.1,"10,180,800","6,578,593(65%)",38
giaoduc,ECI,14.8(0),"1,516",9.8,6%,9%,16.6,89%,0.2,"1,860,000","911,400(49%)",28
giaoduc,DAE,15.8(-0.7),"3,149",5.2,9%,15%,21.6,77%,-0.4,"1,498,680","734,353(49%)",25
giaoduc,HBE,9.2(0),777,11.8,5%,7%,11.4,81%,0,"2,231,058","1,093,218(49%)",21
giaoduc,HTP,10.8(0),753,14.3,6%,7%,11.6,93%,-0.8,"1,759,180","884,440(50%)",19
giaoduc,LBE,17.5(0),"1,977",8.9,8%,11%,18.3,96%,0.2,"1,095,900","539,000(49%)",19
giaoduc,QST,12(0),"1,509",8,5%,14%,10.7,112%,0.2,"1,620,000","793,800(49%)",19
giaoduc,TPH,6.8(0),597,11.4,3%,5%,11.3,60%,0.2,"2,015,985","987,832(49%)",14
giaoduc,BST,11.6(0),"1,383",8.4,6%,11%,12.8,91%,-0.3,"1,100,000","539,000(49%)",13
giaoduc,HEV,13(0),"1,719",7.6,8%,11%,15.9,82%,0.5,"1,000,000","490,000(49%)",13
giaoduc,BDB,10(0),946,10.6,6%,8%,11.1,90%,0.4,"1,126,474","551,972(49%)",11
giaoduc,HST,6.8(0),568,12,1%,5%,11.2,61%,0.5,"1,488,440","735,000(49%)",10
hk,ACV,107(-0.2),"2,268",48.5,10%,19%,12,914%,0,"2,177,173,236",0(0%),"239,489"
hk,VJC,146.4(1.4),"7,276",19.9,13%,40%,25.7,564%,0.8,"451,343,284",0(0%),"65,445"
hk,HVN,43.1(-0.2),"1,402",31,2%,11%,13.9,314%,0,"1,227,533,778",0(0%),"53,398"
hk,SAS,29.6(0),"2,267",13,15%,19%,12,246%,0,"133,481,310","63,566,700(48%)","3,938"
hk,SGN,161.2(0.4),"8,322",19.5,33%,48%,18.6,871%,0,"23,995,952","5,801,414(24%)","3,887"
hk,NCT,113(0),"10,340",10.9,59%,73%,14.2,795%,0.5,"26,166,940","12,821,800(49%)","2,957"
hk,NCS,50(0.5),503,97.8,29%,41%,0,0%,0,"17,970,501","3,786,987(21%)",589
hk,MAS,89.8(0.8),"11,304",7.9,32%,75%,15.1,589%,0.1,"4,267,683","1,474,319(35%)",380
hk,NAS,31.5(-0.1),"5,357",5.9,13%,21%,23.3,136%,0,"8,315,764",0(0%),263
hk,ARM,25(0),"3,153",7.9,6%,22%,14,178%,-0.1,"2,592,740","1,270,442(49%)",65
khoangsan,MSR,24.3(-0.7),144,173.6,1%,1%,16.9,148%,0,"703,544,898","453,469(0%)","17,589"
khoangsan,SQC,82(1),-231,-350.6,-3%,-3%,7.4,1088%,0,"110,000,000","46,302,530(42%)","8,910"
khoangsan,KSV,11(0),"1,113",9.9,3%,8%,13,84%,0,"200,000,000","98,000,000(49%)","2,200"
khoangsan,KSB,42.9(0.7),"5,206",8.1,19%,35%,14.8,284%,0.4,"46,800,000","11,466,000(25%)","1,975"
khoangsan,AMD,9.1(-0.0),215,42.3,3%,5%,11.9,76%,-0.4,"166,607,716","30,575,968(18%)",590
khoangsan,MVB,4.4(-0.5),484,10.1,2%,5%,11.9,41%,0,"105,000,000",0(0%),515
khoangsan,HGM,37.7(0),"2,231",16.9,11%,13%,17.1,221%,-0.2,"12,600,000","6,174,000(49%)",475
khoangsan,LBM,33.9(0),"5,329",6.4,14%,21%,28.4,119%,-0.4,"8,157,500","4,165,000(51%)",288
khoangsan,NBC,7.3(0.3),"1,053",6.6,2%,9%,11.2,62%,0.6,"36,999,124","18,129,570(49%)",259
khoangsan,FCM,6.2(0.0),889,7,3%,6%,13.7,45%,0.7,"41,000,000","20,090,000(49%)",255
khoangsan,TVD,5.5(0.1),636,8.5,1%,6%,10.7,51%,-0.1,"44,962,864","22,031,803(49%)",243
khoangsan,MTA,2(0),-477,-4.2,-3%,-5%,12.1,17%,0,"110,113,591","53,955,659(49%)",220
khoangsan,CCM,33(-0.1),"8,090",4.1,12%,26%,31.7,104%,0.2,"6,199,900","2,254,000(36%)",205
khoangsan,BMC,15(0),810,18.5,4%,5%,15.4,98%,0.5,"12,392,630","6,072,388(49%)",186
khoangsan,THT,6.1(-0.6),988,6.8,3%,9%,11.1,60%,0.4,"24,569,052","8,599,168(35%)",165
khoangsan,TDN,5.8(0.5),181,29.3,1%,2%,10.7,49%,-0.1,"29,439,097","7,840,000(27%)",156
khoangsan,TC6,4.5(0),170,26.5,0%,2%,10.5,43%,0.5,"32,496,105","15,923,091(49%)",146
khoangsan,KSH,2.2(-0.0),51,43.5,0%,1%,11.5,19%,0.2,"57,509,675","13,746,215(24%)",128
khoangsan,TCS,4.8(0.1),224,21,0%,2%,10.7,44%,0.5,"26,846,773","7,349,622(27%)",126
khoangsan,KSA,1.3(-0.0),123,10.7,1%,1%,10.7,12%,0.1,"93,427,360","45,779,406(49%)",122
khoangsan,YBC,19.5(0),0,0,0%,6%,7.3,265%,0.9,"5,837,430","2,856,540(49%)",114
khoangsan,MDC,4.6(-0.3),"1,187",4.1,2%,11%,10.7,46%,0.5,"21,418,346","7,391,136(35%)",105
khoangsan,BKC,8.3(0),805,10.3,3%,5%,13.5,62%,-0.1,"11,541,528","5,751,486(50%)",97
khoangsan,DHM,3.8(0.0),273,13.6,2%,2%,11.7,32%,0.3,"25,143,123","11,514,201(46%)",93
khoangsan,VBG,10.6(0),952,11.1,2%,6%,10.6,100%,0,"8,600,000",0(0%),91
khoangsan,ACM,1.6(-0.1),-118,-14.4,-1%,-1%,10.5,16%,2,"51,000,000","24,990,000(49%)",87
khoangsan,MTM,2.6(0),"-7,731",-0.3,-7367%,782%,-1,-263%,0,"31,000,000","15,190,000(49%)",81
khoangsan,AMC,28(0),"3,780",7.4,11%,23%,16.7,168%,-0.5,"2,850,000","1,396,500(49%)",80
khoangsan,HPM,20.6(0.1),"-1,007",-20.4,-8%,-12%,8.5,242%,0,"3,800,000","1,862,000(49%)",78
khoangsan,KTB,1.9(0),3,633.3,0%,0%,10.3,18%,1.3,"40,200,000","19,363,580(48%)",76
khoangsan,BMJ,10.1(-0.9),0,0,15%,18%,0,0%,0,"6,000,000","2,933,900(49%)",66
khoangsan,KSQ,1.9(0.1),43,41.9,0%,0%,10.5,17%,2,"30,000,000","14,700,000(49%)",54
khoangsan,MIM,14.4(0),"4,020",3.6,14%,39%,10.3,139%,0.7,"3,409,860","1,670,831(49%)",49
khoangsan,VMI,4.4(-0.1),"1,061",4.2,5%,9%,11.3,40%,0.3,"10,949,999","5,193,999(47%)",49
khoangsan,ALV,12.8(-0.3),"2,869",4.6,7%,18%,18.8,70%,-0.1,"3,157,936","1,473,888(47%)",41
khoangsan,KSK,1.3(-0.1),83,16.9,1%,1%,9.9,14%,0.8,"23,888,000","11,705,120(49%)",33
khoangsan,KHB,1(-0.1),19,57.9,0%,0%,10.2,11%,0.6,"29,075,499","14,246,994(49%)",32
khoangsan,CMI,1.9(-0.1),"-7,351",-0.3,-37%,-734%,1,200%,1.5,"16,000,000","7,840,000(49%)",30
khoangsan,MIC,5(0),410,12.2,3%,7%,6,84%,0,"5,514,621","2,106,152(38%)",28
khoangsan,LCM,1(0),13,76.9,0%,0%,9.1,11%,0.3,"24,633,000","12,070,170(49%)",25
khoangsan,KHD,13.6(0),"2,881",4.7,8%,17%,0,0%,0,"1,717,410",0(0%),23
khoangsan,KCB,2.1(0),"5,858",0.4,9%,12%,11.3,19%,0,"8,000,000","3,920,000(49%)",17
khoangsan,KHL,0.5(0),"-1,108",-0.5,-11%,-28%,3.9,15%,0.7,"12,000,000","5,880,000(49%)",7
nangluong,DNH,23(0),"1,046",22,5%,7%,12.7,181%,0,"422,400,000",0(0%),"9,715"
nangluong,DTK,14(0),649,21.6,2%,6%,10.2,137%,0,"680,000,000",0(0%),"9,520"
nangluong,NT2,33.8(1.5),"2,487",13,7%,15%,16.3,199%,0.5,"287,876,029","139,589,254(48%)","9,298"
nangluong,PPC,22.8(0.4),"5,147",4.4,20%,29%,18,124%,1.4,"318,154,614","159,855,150(50%)","7,308"
nangluong,HND,10.6(-1.2),"1,249",10,4%,12%,10.1,123%,0,"500,000,000",0(0%),"6,250"
nangluong,QTP,8.1(0),522,15.7,2%,7%,7.5,109%,0,"450,000,000",0(0%),"3,690"
nangluong,VSH,17.2(0.3),"1,430",11.8,4%,10%,14.1,120%,0.3,"202,241,246","101,058,210(50%)","3,485"
nangluong,PGD,37.5(0),"1,434",26.2,5%,10%,14.8,253%,-0.8,"89,999,025","44,099,522(49%)","3,375"
nangluong,CHP,26.5(-0.1),"3,953",6.7,17%,29%,13.8,193%,0.1,"125,999,511","61,739,760(49%)","3,339"
nangluong,TMP,33.5(0.5),"4,286",7.7,22%,29%,15.2,217%,0,"70,000,000","34,300,000(49%)","2,310"
nangluong,SHP,22.5(0),"1,829",12.3,7%,15%,0,0%,-0.4,"93,710,200","45,917,998(49%)","2,108"
nangluong,SJD,23.6(0.1),"3,189",7.4,14%,20%,15.7,149%,0.2,"68,998,620","22,539,583(33%)","1,621"
nangluong,VPD,15(0.3),"1,420",10.6,5%,12%,12,125%,0,"102,493,098","48,965,328(48%)","1,537"
nangluong,TBC,24(0.1),"1,933",12.4,13%,14%,14.2,169%,0.3,"63,500,000","31,115,000(49%)","1,518"
nangluong,PGS,25(-0.2),"2,098",12,5%,11%,19.9,127%,0.3,"50,000,000","24,500,000(49%)","1,260"
nangluong,SBA,16.4(0),"2,385",6.9,10%,20%,12,136%,0.6,"60,288,331","29,639,247(49%)",989
nangluong,S4A,23.1(0.1),"3,388",6.8,12%,29%,11.7,197%,0.1,"42,200,000","20,678,000(49%)",971
nangluong,SEB,50(2),"8,153",5.9,20%,38%,23.6,203%,0.4,"20,000,000","9,800,000(49%)",960
nangluong,PGC,15.6(0.2),"2,041",7.5,6%,18%,12.3,125%,0.4,"60,339,285","29,567,892(49%)",929
nangluong,ND2,22(0),"2,083",10.6,5%,18%,13.1,168%,0,"47,966,746","20,349,328(42%)",914
nangluong,CNG,31.9(-1.0),"3,897",8.4,15%,23%,16.6,197%,0,"27,000,000","13,230,000(49%)",887
nangluong,GHC,34.6(0),"2,802",12.3,31%,32%,8.7,399%,0,"41,000,000","9,986,634(24%)",709
nangluong,BTP,12(0.7),385,29.4,1%,2%,16.5,68%,0.5,"59,285,600","29,637,944(50%)",683
nangluong,ISH,13.4(0),"1,615",8.3,8%,14%,11.9,113%,0,"45,000,000","22,050,000(49%)",603
nangluong,DRL,50.7(0.3),"6,913",7.3,47%,51%,13.4,375%,0.3,"9,500,000","4,655,000(49%)",479
nangluong,PIC,15(-0.1),"1,467",10.3,8%,13%,11.6,130%,0.4,"30,311,066","14,281,886(47%)",458
nangluong,HJS,21.2(0),"1,407",15.1,6%,9%,13.4,158%,0,"20,999,900","10,289,951(49%)",445
nangluong,KHP,9.8(0.1),97,100,0%,1%,15,65%,0.2,"40,051,296","20,360,135(51%)",403
nangluong,QPH,18.7(0),"1,911",10.7,8%,13%,15.7,130%,0,"18,583,100","9,105,719(49%)",379
nangluong,GSM,11.2(0),"1,412",7.9,6%,13%,11,101%,0,"28,562,000","13,995,380(49%)",320
nangluong,EIC,8(0),38,210.5,0%,0%,10.3,78%,0,"36,677,145",0(0%),293
nangluong,TDB,35(0),0,0,28%,29%,0,0%,0,"8,230,000",0(0%),288
nangluong,PCG,11.2(-0.7),-163,-73,-1%,-2%,10.9,110%,0.4,"18,870,000","9,246,300(49%)",225
nangluong,PVG,7.8(0),378,20.6,1%,3%,14,56%,0.4,"27,719,850","13,582,726(49%)",216
nangluong,SCH,12.7(0),"1,051",12.1,5%,10%,10.4,122%,0,"15,000,000",0(0%),190
nangluong,NBP,12.8(-1.1),-8,"-1,737.50",0%,0%,18.8,74%,-0.2,"12,865,500","6,304,095(49%)",179
nangluong,SP2,10(0),"-1,658",-6,-3%,25%,-7.3,-137%,0,"15,246,000",0(0%),152
nangluong,PPS,8.8(0),"1,180",7.5,0%,10%,11.6,76%,0.3,"15,000,000","7,350,000(49%)",132
nangluong,HPD,11.7(0),"2,625",4.5,10%,20%,13,90%,0,"8,306,590","4,070,229(49%)",97
nangluong,CJC,23.5(0),"1,117",21,3%,9%,24.3,97%,0.1,"4,000,000","980,000(25%)",94
nangluong,UEM,46.5(0),987,47.1,5%,11%,14.3,325%,0,"1,890,000","926,100(49%)",88
nangluong,EAD,16.5(0),0,0,4%,16%,0,0%,0,"2,877,800",0(0%),47
nangluong,PEC,9.9(0),0,0,0%,-2%,0,0%,0,"3,115,501","1,327,839(43%)",29
nganhang,VCB,54.2(0.1),"2,261",23.9,1%,15%,15,360%,1.3,"3,597,768,575","799,506,100(22%)","194,639"
nganhang,CTG,24(-0.3),"2,008",12.1,1%,12%,16.7,146%,1.9,"3,723,404,556","1,117,021,366(30%)","90,293"
nganhang,BID,25.4(0.7),"1,685",14.7,1%,13%,12.8,193%,1.5,"3,418,715,334","1,025,614,600(30%)","84,613"
nganhang,MBB,25.1(-0.6),"2,123",12.1,1%,14%,15.9,162%,1.3,"1,815,505,363","326,236,363(18%)","46,568"
nganhang,BVH,64(-3.8),"2,202",30.8,2%,11%,19.9,341%,0.8,"680,471,434","333,431,002(49%)","46,136"
nganhang,ACB,37(0.2),"1,856",19.8,1%,12%,15.4,238%,1.6,"999,407,901","281,308,951(28%)","37,806"
nganhang,STB,12.8(-0.2),384,33.7,0%,3%,12.8,101%,1.7,"1,785,215,716","565,564,714(32%)","24,414"
nganhang,EIB,12.5(-0.1),425,29.5,0%,4%,11.2,112%,0.5,"1,235,522,904","370,656,871(30%)","15,506"
nganhang,VIB,23.3(0.1),"1,303",17.7,1%,8%,15.8,145%,0,"564,442,500",0(0%),"12,982"
nganhang,SHB,9.2(0),"1,347",6.8,1%,10%,14.1,65%,1.3,"1,019,192,914","284,578,338(28%)","9,381"
nganhang,PVI,32(-0.2),"2,461",13.1,3%,9%,30.7,105%,0.7,"225,414,167","102,832,179(46%)","7,543"
nganhang,BIC,36.9(1.4),"1,057",33.6,3%,6%,17.4,204%,-0.2,"117,276,895","57,465,678(49%)","4,163"
nganhang,BMI,34(-1.4),"2,569",13.8,4%,10%,24.8,143%,-0.1,"91,354,037","40,694,445(45%)","3,234"
nganhang,VNR,22.9(0),"2,114",10.8,4%,10%,21.3,108%,0.6,"131,075,937","64,227,209(49%)","3,002"
nganhang,NVB,7.2(-0.4),43,176.7,0%,0%,10.6,71%,1.9,"301,021,552","90,306,465(30%)","2,288"
nganhang,PGI,22.7(0.7),"1,334",16.5,2%,8%,16.7,131%,0.1,"88,604,883","34,777,366(39%)","1,952"
nganhang,PTI,23.8(0),"1,346",17.7,2%,6%,22.8,104%,0.5,"80,395,709","39,393,897(49%)","1,913"
nganhang,ABI,28.5(0.6),"4,407",6.4,10%,23%,18.8,149%,0,"38,000,000","17,326,900(46%)","1,064"
nganhang,MIG,12(0),740,15.9,2%,7%,11.2,105%,0,"80,000,000",0(0%),944
thep,HPG,47.0(1.2),"4,984",9.2,16%,25%,19.9,231%,0.7,"1,516,969,700","359,146,195(24%)","69,482"
thep,HSG,24.5(0.4),"3,802",6.3,6%,26%,14.8,163%,0.6,"349,996,683","96,304,516(28%)","8,435"
thep,TVN,7.9(-0.1),"1,314",6.1,7%,13%,11.8,68%,0,"678,000,000","331,720,000(49%)","5,424"
thep,NKG,38.8(0.1),"6,226",6.2,8%,29%,21.2,183%,0.7,"130,000,000","24,516,836(19%)","5,031"
thep,POM,16(0.2),"3,714",4.3,10%,22%,17.2,92%,-0.1,"186,317,161","91,850,475(49%)","2,971"
thep,DTL,45(2.7),"3,551",11.9,9%,18%,19.4,218%,0.8,"58,207,764","30,103,445(52%)","2,599"
thep,VIS,33.6(0.1),"1,439",23.3,4%,10%,15,223%,0.7,"73,830,393","24,117,928(33%)","2,477"
thep,TIS,12.4(-0.1),433,28.9,1%,5%,10.1,123%,0,"184,000,000","139,159,800(76%)","2,300"
thep,SMC,26.6(-0.2),"8,251",3.2,7%,31%,27.4,98%,1.3,"41,999,243","14,463,996(34%)","1,124"
thep,TLH,11.3(0.1),"4,099",2.7,14%,26%,17.8,63%,0.6,"91,502,313","41,476,326(45%)","1,041"
thep,VGS,9.2(-0.1),"1,898",4.9,4%,12%,15.6,60%,0.7,"37,198,710","18,423,857(50%)",350
thep,TTS,6(0),614,9.8,3%,14%,4.4,136%,0,"50,800,000",0(0%),305
thep,HMC,13.3(-0.3),"3,268",4.2,9%,19%,17,80%,-0.6,"21,000,000","10,290,000(49%)",286
thep,DNS,12(0),"1,392",8.6,5%,12%,11.1,108%,0,"21,600,000","10,582,974(49%)",259
thep,DNY,8(0.3),"1,476",5.2,2%,11%,13.2,58%,0.3,"26,999,517","13,229,763(49%)",208
thep,VCA,13(0),"3,083",4.2,13%,19%,16.1,81%,0,"15,187,322","7,379,826(49%)",197
thep,TDS,11.7(0),"4,362",2.7,14%,22%,19.7,60%,0,"12,225,393","5,957,443(49%)",144
thep,TNS,4.8(0.1),"4,628",1,17%,341%,1.4,346%,0,"20,000,000",0(0%),94
thep,SSM,16.5(0),"1,338",12.3,4%,9%,14.7,112%,-0.3,"5,501,024","2,695,501(49%)",91
thep,KMT,8(-0.6),938,9.2,1%,7%,0,0%,0.1,"9,846,562","4,824,815(49%)",85
thep,KKC,14.1(0.3),"3,030",4.6,11%,20%,15.1,91%,0.4,"5,200,000","2,548,000(49%)",72
thep,TNB,5.7(0),87,65.5,0%,1%,14.6,39%,0,"11,500,000","12,340,165(107%)",66
thep,VDT,20(0),0,0,10%,13%,0,0%,0,"1,965,440","963,065(49%)",39
thep,BVG,1.2(0),0,0,-2%,-7%,6.7,18%,0.3,"9,750,948","4,768,964(49%)",12
thep,HLA,0.4(0),"-9,094",0,-97%,24%,-37.3,-1%,0.3,"34,457,793","16,748,513(49%)",10
daukhi,GAS,97.5(-1.2),"4,689",21,15%,22%,21.6,457%,1.3,"1,913,950,000","937,835,500(49%)","188,907"
daukhi,PLX,75(1),"3,288",22.5,8%,20%,18,412%,0.9,"1,293,878,081",0(0%),"95,747"
daukhi,PVS,23.6(-0.2),"1,897",12.5,3%,7%,26.9,89%,1.3,"446,700,421","218,883,206(49%)","10,631"
daukhi,PVD,23.4(-0.7),-504,-47.6,-1%,-2%,34.4,70%,1.4,"383,266,160","170,748,466(45%)","9,198"
daukhi,PVI,32(-0.2),"2,461",13.1,3%,9%,30.7,105%,0.7,"225,414,167","102,832,179(46%)","7,543"
daukhi,PVT,18.8(-0.5),"1,326",14.5,5%,10%,15.6,123%,1,"281,440,162","125,370,195(45%)","5,418"
daukhi,PLC,25(0.2),"2,383",10.4,5%,15%,16.1,154%,0.1,"80,798,839","39,591,431(49%)","2,004"
daukhi,PGS,25(-0.2),"2,098",12,5%,11%,19.9,127%,0.3,"50,000,000","24,500,000(49%)","1,260"
daukhi,PET,11.8(0.1),"1,501",7.8,2%,10%,19.2,61%,0.8,"86,600,124","42,434,060(49%)","1,013"
daukhi,PVX,2.2(0),-410,-5.4,-1%,-5%,7.3,30%,1.4,"400,000,000","196,000,000(49%)",880
daukhi,PXS,10.4(-0.2),651,16.3,2%,5%,13,82%,1.6,"60,000,000","29,400,000(49%)",636
daukhi,PVC,12.5(-0.1),78,161.5,0%,1%,19,66%,1.4,"50,000,000","24,500,000(49%)",630
daukhi,POS,12.2(0.3),"1,504",7.9,5%,8%,18.9,63%,0,"40,000,000",0(0%),476
daukhi,PVB,20.4(-0.4),788,26.4,4%,5%,16.9,123%,1.1,"21,599,998","10,583,999(49%)",449
daukhi,PTL,4.0(-0.2),-38,-110.5,0%,0%,9.8,43%,0.2,"98,865,080","49,000,000(50%)",420
daukhi,ASP,7.2(0.2),"1,314",5.3,4%,12%,11.1,63%,0.7,"37,339,929","18,296,565(49%)",261
daukhi,PCT,9.5(0),101,94.1,1%,1%,11.1,86%,0.6,"23,000,000","11,270,000(49%)",218
daukhi,PVE,8.5(0),"1,493",5.7,3%,12%,12.9,66%,1.4,"25,000,000","12,250,000(49%)",212
daukhi,PXL,2.3(0),125,18.4,1%,1%,10.1,23%,0.8,"82,500,412","40,479,004(49%)",190
daukhi,PPS,8.8(0),"1,180",7.5,0%,10%,11.6,76%,0.3,"15,000,000","7,350,000(49%)",132
daukhi,PVR,1.9(0),-66,-28.8,0%,-1%,9.3,20%,-0.4,"52,356,713","26,019,447(50%)",101
daukhi,PXT,4.6(-0.0),531,8.7,2%,12%,4.4,104%,0.6,"19,821,510","9,800,000(49%)",92
daukhi,PXI,2.5(0.0),"-1,167",-2.1,-3%,-13%,9,28%,0,"30,000,000","14,700,000(49%)",75
daukhi,PFL,1.5(0.1),-74,-18.9,-1%,-1%,7.2,19%,1.3,"50,000,000","24,427,400(49%)",70
daukhi,PDC,4(0),502,8,4%,5%,9.8,41%,0.1,"15,000,000","7,350,000(49%)",60
daukhi,APP,8.1(0),613,13.2,3%,5%,11.2,72%,0,"4,411,655","1,942,340(44%)",36
daukhi,PPE,13.6(0),"-1,707",-8,-21%,-32%,5.4,253%,-0.1,"2,000,000","980,000(49%)",27
daukhi,PXA,1.3(0),-537,-2.4,-4%,-52%,1,126%,1.7,"15,000,000","7,350,000(49%)",19
daukhi,PSG,0.4(0),0,0,-13%,19%,-11,-4%,1.5,"35,000,000","17,114,800(49%)",14
daukhi,PVA,0.6(0),-282,-1.8,-1%,21%,-1.3,-37%,1.5,"21,846,000","10,623,396(49%)",11
nhua,BMP,85.6(1.1),"5,265",16,15%,18%,30,282%,1.1,"81,860,938","22,284,455(27%)","6,917"
nhua,NTP,67.3(-3.7),"5,336",13.3,12%,23%,23.4,303%,0.4,"89,240,302","36,439,980(41%)","6,336"
nhua,AAA,33.1(0.4),"3,365",9.7,6%,19%,20.6,159%,0.8,"59,249,988","16,607,996(28%)","1,940"
nhua,DNP,20.3(0),"2,014",10.1,3%,10%,20,102%,0.2,"49,509,272","6,618,499(13%)","1,005"
nhua,INN,67.3(0.3),"6,901",9.7,15%,23%,30.3,221%,0.5,"10,800,000","5,292,000(49%)",724
nhua,SVI,45.7(2.7),"5,677",7.6,9%,20%,28.3,152%,0.4,"12,808,137","6,287,894(49%)",552
nhua,RDP,17.3(-0.7),"1,274",14.1,3%,8%,15.9,113%,-0.3,"28,286,076","8,885,582(31%)",509
nhua,DAG,9.2(-0.0),"1,441",6.4,5%,12%,12.6,74%,0.9,"43,978,691","16,291,076(37%)",406
nhua,HII,29.3(-0.3),"3,260",9.1,6%,20%,18.4,161%,-0.2,"13,600,000",0(0%),403
nhua,MCP,26(0),"2,072",12.5,11%,16%,13.3,196%,0.8,"15,052,979","7,384,955(49%)",392
nhua,SPP,15.5(-1.7),"1,221",14.1,2%,8%,20.1,86%,0.1,"16,952,511","6,652,565(39%)",301
nhua,TPC,10.5(0),"1,384",7.6,5%,9%,15.3,69%,-0.3,"21,268,956","11,970,992(56%)",257
nhua,VBC,26.2(2.2),"3,163",7.6,5%,24%,32.4,74%,0.9,"7,499,972","1,469,994(20%)",180
nhua,TPP,13.8(-1.5),382,40.1,1%,4%,10.6,145%,0.1,"9,997,889","3,231,623(32%)",153
nhua,VKC,7(0),912,7.7,3%,7%,12.2,57%,0.9,"20,000,000","6,370,000(32%)",140
nhua,HNP,27.5(0),0,0,13%,19%,0,0%,0,"5,000,000",0(0%),138
nhua,SPA,16.1(0),731,22,6%,7%,13,124%,0,"8,500,000",0(0%),137
nhua,VNP,7.1(0.6),"3,269",2,14%,49%,6.7,98%,0,"19,428,913","9,353,167(48%)",128
nhua,NSG,12.3(0),0,0,6%,10%,0,0%,0,"8,639,208","4,233,211(49%)",111
nhua,DTT,12(0),632,19,3%,4%,14.6,82%,-0.8,"8,151,820","3,994,391(49%)",98
nhua,PMP,18.5(0),"2,919",6.3,6%,19%,15.2,121%,-0.2,"4,200,000","2,058,000(49%)",78
nhua,BBS,12.6(0),"1,141",11,2%,7%,17.3,73%,0.5,"6,000,000","2,058,000(34%)",76
nhua,PBP,16.8(0),"2,405",7,8%,18%,13.3,126%,0.4,"4,081,249","1,999,812(49%)",69
nhua,BPC,18(0),"3,662",4.9,5%,14%,26,69%,0,"3,800,000","1,862,000(49%)",68
nhua,VPK,7.0(0.1),"-1,966",-3.5,-8%,-22%,8.8,79%,0.5,"15,000,000","3,920,000(26%)",55
nhua,HPB,12.5(-0.5),"3,946",3.3,7%,10%,0,0%,0.8,"3,657,200","1,885,700(52%)",50
nhua,BXH,11.6(-0.2),915,12.9,4%,8%,11.6,101%,0.1,"4,919,665","1,475,899(30%)",36
nhua,DPC,14.6(0),"1,316",11.1,7%,8%,17.1,85%,0.3,"2,237,280","1,096,267(49%)",33
nhua,HKP,7.1(0),0,0,4%,8%,0,0%,0,"4,000,000","1,960,000(49%)",28
nhua,HBD,13.3(0),"1,346",9.9,12%,13%,0,0%,0.2,"1,428,300","727,790(51%)",20
nhua,BTG,6(0),"3,634",1.7,1%,1%,18,33%,0,"1,190,000","583,100(49%)",7
phanbon,DPM,21.5(0.3),"1,876",11.3,7%,9%,21.5,99%,0.4,"388,954,320","191,786,000(49%)","8,298"
phanbon,DCM,13.6(-0.2),"1,587",8.7,7%,14%,11.6,119%,0.2,"529,400,000","259,406,000(49%)","7,279"
phanbon,BFC,33.7(0.1),"5,348",6.3,10%,29%,22.3,151%,0,"57,167,993","23,343,600(41%)","1,921"
phanbon,DGC,32.8(-0.7),"4,133",8.1,12%,17%,31.1,108%,0.6,"50,008,875","24,504,348(49%)","1,675"
phanbon,LAS,13.8(-0.3),"1,530",9.2,6%,13%,12,118%,0.2,"112,856,400","38,137,680(34%)","1,591"
phanbon,SFG,12.5(0.1),"2,085",5.9,7%,16%,12.7,98%,0.1,"47,897,333","21,336,219(45%)",594
phanbon,TSC,3.7(-0.0),-22,-169.5,0%,0%,12.8,29%,1,"147,648,084","72,347,561(49%)",551
phanbon,VAF,10(0.6),"1,183",8,7%,10%,12.3,77%,0,"37,665,348","14,196,993(38%)",356
phanbon,PSW,9.6(0),974,9.9,6%,8%,12.5,77%,-1,"17,000,000","8,330,000(49%)",163
phanbon,NFC,10.1(0),"1,317",7.7,9%,11%,12.2,83%,0.7,"15,731,260","7,708,317(49%)",159
phanbon,PMB,9.7(0),"1,261",7.7,8%,10%,12.7,77%,0.8,"12,000,000","5,880,000(49%)",116
phanbon,PSE,9(0),"1,148",7.8,8%,11%,12.8,70%,0.3,"12,500,000","6,125,000(49%)",112
phanbon,PCE,11(0),"1,845",6,6%,11%,16.4,67%,0,"10,000,000","4,900,000(49%)",110
sxkd,VGT,11.4(0),775,14.7,3%,9%,15.2,75%,0,"500,000,000",0(0%),"5,700"
sxkd,TLG,101(-1),"5,228",19.5,17%,25%,21.3,479%,-0.1,"50,556,256","18,773,209(37%)","5,157"
sxkd,VGG,55(0),"9,042",6.1,10%,29%,33.2,167%,0,"44,100,000","12,889,428(29%)","2,443"
sxkd,PAC,49(1.2),"3,028",15.8,7%,23%,13.3,360%,0.9,"46,475,609","22,771,136(49%)","2,221"
sxkd,SAM,7.3(0.0),186,39.3,1%,2%,13.9,52%,1.2,"241,785,703","88,315,314(37%)","1,767"
sxkd,NSC,108.3(0.3),"12,865",8.4,14%,18%,76.9,140%,0,"15,295,000","7,494,550(49%)","1,652"
sxkd,RAL,131.2(-1.8),"16,040",8.3,8%,28%,57.7,230%,-0.1,"11,500,000","5,635,000(49%)","1,530"
sxkd,TCM,28.4(-0.4),"3,782",7.6,6%,19%,20.4,141%,0.6,"51,553,379","24,107,975(47%)","1,485"
sxkd,LIX,43.1(0.1),"4,642",9.3,19%,30%,15.5,277%,0.2,"32,400,000","15,876,000(49%)","1,393"
sxkd,DQC,40.5(1.2),"4,112",9.6,8%,12%,35.4,111%,0.3,"31,919,216","16,836,113(53%)","1,352"
sxkd,DHC,46.1(-0.9),"2,484",18.9,8%,12%,16.9,278%,0.4,"28,142,849","11,396,855(40%)","1,323"
sxkd,TTF,7.2(0),-951,-7.6,-4%,-104%,0.9,766%,0,"144,607,519","70,857,841(49%)","1,041"
sxkd,SSC,67(3),"3,080",20.8,9%,12%,25.6,250%,0.1,"14,791,387","7,346,259(50%)",960
sxkd,TIX,36.2(0),"4,604",7.9,11%,18%,26.2,138%,-0.1,"25,646,000","11,760,000(46%)",956
sxkd,EVE,20(-0.7),"1,010",20.5,3%,4%,22.8,91%,0.4,"41,500,473","41,979,773(101%)",869
sxkd,GDT,47(-0.1),"8,116",5.8,34%,46%,17.8,264%,0.1,"14,899,800","6,353,072(43%)",701
sxkd,NET,26.9(0),"2,846",9.5,11%,22%,13.2,204%,0.5,"22,398,374","7,839,457(35%)",603
sxkd,TNG,13.7(-0.1),"2,009",6.9,4%,15%,16.2,85%,1.4,"41,117,291","14,514,842(35%)",567
sxkd,SHI,7.3(0),"1,686",4.3,4%,13%,14,52%,0.4,"63,516,346","26,808,254(42%)",469
sxkd,TVT,21(0.3),"3,949",5.2,5%,13%,32.5,64%,0.2,"21,000,000",0(0%),435
sxkd,GMC,26.1(-1.9),"4,500",6.2,8%,23%,19,147%,-0.4,"15,506,360","5,728,261(37%)",434
sxkd,CTB,32.5(0),"1,774",18.3,3%,11%,15.6,209%,0.3,"8,600,000","1,715,000(20%)",280
sxkd,KMR,4.2(-0.1),61,69.2,0%,1%,10.5,40%,0.1,"56,881,443","48,881,443(86%)",240
sxkd,HDM,23.2(0),"4,139",5.6,6%,21%,41.2,56%,0,"10,000,000","2,385,282(24%)",232
sxkd,HAP,4.1(-0.0),90,45.8,1%,1%,12,34%,0.6,"55,471,151","25,244,915(46%)",229
sxkd,VTB,16.6(-1.2),"1,821",9.7,4%,10%,18.4,96%,0.4,"10,892,660","5,871,204(54%)",213
sxkd,VID,8.0(0.5),"4,082",1.8,17%,23%,17.9,42%,-0.6,"25,522,767","12,506,155(49%)",190
sxkd,TET,30(0),"2,869",10.5,18%,19%,15,201%,0.4,"5,702,940","2,794,440(49%)",171
sxkd,GTA,15(0.4),"1,752",8.4,4%,11%,16.5,89%,0.8,"9,830,000","5,096,000(52%)",152
sxkd,SAV,10.5(0.3),"1,000",10.2,3%,5%,21.6,47%,-0.6,"12,270,841","5,163,322(42%)",129
sxkd,DCS,2(-0.1),52,40.4,0%,0%,10.6,20%,0.4,"60,310,988","29,552,384(49%)",127
sxkd,QHD,21.1(0),"1,213",17.4,5%,7%,17.2,122%,-0.2,"5,524,716","2,707,110(49%)",117
sxkd,SFN,34.5(0),"3,665",9.4,17%,19%,18.8,183%,0.3,"2,894,150","1,470,000(51%)",104
sxkd,NAG,6.9(0),"1,242",5.6,5%,10%,12.8,54%,0.7,"14,849,578","7,276,293(49%)",102
sxkd,PV2,2.6(0),"-1,241",-2.1,-22%,-23%,5.5,48%,-0.1,"36,868,800","18,301,500(50%)",97
sxkd,GVT,11.7(0),"1,457",8,2%,12%,12.1,97%,0,"7,345,000",0(0%),86
sxkd,HDA,7.2(-0.2),"1,259",5.9,7%,11%,12.2,61%,1.2,"11,500,000","5,635,000(49%)",85
sxkd,GTD,9(0),0,0,0%,0%,0,0%,0,"9,300,000",0(0%),84
sxkd,SDN,37(0),"4,721",7.8,10%,21%,22.2,167%,0.1,"1,518,218","743,926(49%)",56
sxkd,TSB,7.6(0),534,14.2,2%,5%,11.2,68%,0.4,"6,745,480","3,305,285(49%)",51
sxkd,MKT,15.3(0),16,956.3,-30%,177%,-10.8,-142%,0,"3,200,000","1,568,000(49%)",49
sxkd,MHL,8.6(0),"1,473",5.8,4%,12%,12.1,71%,0.3,"5,288,623","2,425,583(46%)",47
sxkd,VBH,17.8(2.3),100,155,2%,2%,5.2,299%,-0.1,"2,900,000","1,421,000(49%)",45
sxkd,BDF,27.5(0),0,0,5%,15%,0,0%,0,"1,550,000",0(0%),43
sxkd,KSD,2.8(-0.2),334,9,4%,4%,7.9,38%,0.2,"12,000,000","5,880,000(49%)",36
sxkd,PTM,5.9(0),0,0,-6%,-7%,0,0%,-0.1,"4,200,000","2,049,300(49%)",25
sxkd,NPS,10.5(0),-977,-10.7,-3%,-7%,14.7,71%,0.5,"2,170,000","1,063,300(49%)",23
sxkd,G20,1.5(0),-432,-3.5,-3%,-9%,4.9,31%,-0.4,"28,800,000","7,056,000(25%)",22
sxkd,DZM,3.7(-0.1),"-1,874",-2,-5%,-13%,14.7,26%,0.6,"5,395,985","2,644,032(49%)",21
sxkd,SSF,6.1(0),0,0,-134%,169%,0,0%,0,"3,200,000","784,000(25%)",20
thucpham,VNM,210.5(5.3),"7,151",28.7,33%,43%,16.6,1240%,1.2,"1,451,453,429","1,209,549,924(83%)","297,838"
thucpham,SAB,249.2(0),"6,966",35.8,22%,30%,24.8,1005%,1.2,"641,281,186",0(0%),"159,807"
thucpham,MSN,76.4(0.7),"2,059",36.8,4%,11%,21.8,347%,0.7,"1,047,474,042","363,899,221(35%)","87,613"
thucpham,MCH,68.7(-0.7),"4,235",16.3,15%,22%,20.2,343%,0,"543,132,777",0(0%),"37,585"
thucpham,BHN,127.6(3.6),"2,614",47.4,6%,9%,28.4,436%,2,"231,800,000",0(0%),"28,743"
thucpham,QNS,54.1(-0.8),"5,271",10.4,19%,30%,17.4,315%,0,"243,813,054",0(0%),"13,361"
thucpham,SBT,20.8(0.4),634,32.2,2%,5%,12.4,164%,1,"557,018,673","95,432,906(17%)","11,363"
thucpham,KDC,39.1(-0.1),"2,169",18.1,5%,8%,31,126%,0.2,"255,161,141","125,760,164(49%)","10,061"
thucpham,VCF,265(0),"14,601",18.1,12%,17%,86.8,305%,-0.8,"26,579,135","13,023,776(49%)","7,043"
thucpham,GTN,15.5(0.2),111,137.4,3%,4%,13.8,111%,0.6,"250,000,000","150,000,000(60%)","3,812"
thucpham,VSN,41(0.9),"1,690",23.7,8%,14%,11.8,340%,0,"80,914,300",0(0%),"3,237"
thucpham,DBC,29.3(-0.2),"2,360",12.5,3%,8%,29.4,100%,0.7,"82,818,465","36,892,079(45%)","2,443"
thucpham,VOC,19.4(0.2),"2,179",8.9,9%,13%,15.3,127%,0,"121,800,000",0(0%),"2,363"
thucpham,TAC,46.5(0),"2,800",16.6,7%,18%,15.9,292%,0,"33,879,648","9,300,298(27%)","1,575"
thucpham,SLS,174(3),"21,100",8.1,17%,44%,48.1,355%,0.2,"8,159,983","3,332,000(41%)","1,395"
thucpham,BBC,89(0.5),"5,309",16.7,8%,10%,51.3,172%,0.2,"15,371,192","7,556,183(49%)","1,365"
thucpham,BSQ,24(0.1),"2,358",10.1,11%,19%,12.7,188%,0,"45,000,000",0(0%),"1,075"
thucpham,SMB,30.8(0),"3,724",8.3,15%,26%,14.4,215%,0,"29,846,648","13,003,157(44%)",925
thucpham,FMC,22.7(0.1),"3,128",7.2,7%,22%,14.2,159%,0.5,"39,000,000","14,700,000(38%)",883
thucpham,IFS,10(0),"1,256",8,17%,36%,3.5,284%,0.2,"87,140,984","3,368,926(4%)",871
thucpham,HNF,40.5(-2.9),"2,429",17.9,8%,17%,14.6,298%,0,"20,000,000","9,789,900(49%)",870
thucpham,CLC,64.3(-1.7),"9,138",7.2,14%,28%,32.4,204%,0.1,"13,103,830","6,420,876(49%)",865
thucpham,HHC,51(0),"2,216",23,8%,11%,20.4,250%,0.5,"16,425,000","8,048,250(49%)",838
thucpham,LSS,11.3(-0.1),"1,513",7.5,5%,7%,23.3,49%,0.8,"70,000,000","34,300,000(49%)",791
thucpham,WSB,54.5(0.8),"7,801",6.9,13%,21%,37.4,144%,0,"14,500,000","4,497,830(31%)",783
thucpham,CMF,93.2(0),"5,186",18,7%,16%,29.9,312%,0,"8,100,000",0(0%),755
thucpham,BSL,16.2(0),726,22.3,3%,6%,10.9,149%,0,"45,000,000",0(0%),729
thucpham,NAF,21.3(-0.2),"2,112",10.2,9%,16%,16.1,134%,0.2,"30,000,000","14,700,000(49%)",645
thucpham,SAF,63(0),"3,944",16,17%,29%,13.6,464%,0.3,"7,918,154","3,879,895(49%)",499
thucpham,VDL,29(0),"1,388",20.9,7%,12%,11.8,245%,0.3,"14,657,150","7,182,003(49%)",425
thucpham,SGC,49.9(0),"4,231",11.8,18%,28%,15.3,327%,0.1,"7,147,580","3,502,314(49%)",357
thucpham,SCD,39.9(0.5),579,68,2%,3%,22,179%,0.1,"8,477,640","4,165,000(49%)",335
thucpham,FCS,10.5(0),"-1,838",-5.7,-6%,-32%,5.8,182%,0,"29,450,000",0(0%),309
thucpham,THB,18.5(0),"1,100",16.8,4%,6%,19.3,96%,0.5,"11,424,570","5,598,039(49%)",211
thucpham,S33,25(0),"5,582",4.5,10%,16%,26.9,93%,0,"8,331,409","4,082,390(49%)",208
thucpham,LAF,12.1(-0.9),"1,756",7.4,4%,14%,12.9,100%,-0.3,"14,728,019","7,216,729(49%)",191
thucpham,HAD,48(3.5),"3,842",11.6,8%,10%,39.6,112%,0.5,"4,000,000","1,960,000(49%)",178
thucpham,CAP,34.9(-0.5),"5,384",6.6,29%,39%,13.8,256%,0.6,"4,760,088","2,332,443(49%)",169
thucpham,CMN,34.4(3.3),"3,657",9.4,9%,14%,26.2,132%,0,"4,800,000",0(0%),166
thucpham,HKB,2.9(-0.2),-187,-16.6,0%,1%,10.4,30%,2.9,"51,599,999","25,283,999(49%)",160
thucpham,MCF,19.5(0.5),"1,387",13.7,7%,10%,14.6,130%,-0.4,"8,000,000","3,920,000(49%)",152
thucpham,KTS,28.7(0),"8,581",3.3,14%,30%,28.8,100%,-0.6,"5,070,000","2,484,300(49%)",146
thucpham,CAN,29(0),"1,666",17.4,4%,7%,24,121%,0.3,"5,000,000","2,450,000(49%)",145
thucpham,AFX,4(0),696,5.7,5%,7%,10.5,38%,0,"35,000,000",0(0%),140
thucpham,BLT,32(0),0,0,11%,13%,0,0%,0,"4,000,000",0(0%),128
thucpham,BSD,41.5(0),0,0,6%,13%,0,0%,0,"3,000,000",0(0%),124
thucpham,HAT,36.9(0.1),851,43.2,2%,4%,21.7,169%,0.2,"3,123,000","1,530,270(49%)",115
thucpham,VTL,27.6(0),"1,028",26.8,3%,11%,9.7,284%,1,"4,050,000","1,323,000(33%)",112
thucpham,NST,9.1(-0.7),"1,543",6.4,3%,11%,14.2,69%,0.9,"11,202,003","4,648,116(41%)",110
thucpham,HNM,4.8(0),32,150,0%,0%,10.5,46%,-0.1,"20,000,000","9,800,000(49%)",96
thucpham,FCC,11(0),0,0,-17%,-23%,0,0%,0,"5,997,040","2,938,549(49%)",66
thucpham,BTB,7.7(0),992,7.8,2%,7%,13.6,56%,0,"7,691,226",0(0%),59
thucpham,ANT,9(0),0,0,2%,6%,0,0%,0,"6,000,000",0(0%),54
thucpham,IFC,13.8(1.6),22,554.5,-1%,7%,-9.4,-130%,0,"3,000,000","1,470,000(49%)",37
thucpham,NDF,3.6(-0.3),"1,090",3.6,9%,10%,11.1,35%,1.2,"7,853,800","3,848,362(49%)",31
thuongmai,MWG,130.8(0),"6,464",20.2,12%,38%,17,768%,0.8,"307,765,789","71,975,597(23%)","40,256"
thuongmai,PNJ,137(1.9),"5,533",24.4,15%,22%,25.2,535%,0.9,"108,101,325","48,154,542(45%)","14,605"
thuongmai,SID,21.4(1.1),998,20.3,4%,5%,20.9,97%,0,"100,000,000",0(0%),"2,030"
thuongmai,SVC,49.8(0.9),"4,136",11.8,4%,13%,48.5,101%,0.3,"24,975,507","12,247,830(49%)","1,224"
thuongmai,SMC,26.6(-0.2),"8,251",3.2,7%,31%,27.4,98%,1.3,"41,999,243","14,463,996(34%)","1,124"
thuongmai,PET,11.8(0.1),"1,501",7.8,2%,10%,19.2,61%,0.8,"86,600,124","42,434,060(49%)","1,013"
thuongmai,TAG,35.8(0.3),435,81.6,1%,4%,10.5,338%,-0.9,"24,914,991","12,208,345(49%)",884
thuongmai,DGW,21.2(0.4),"1,717",12.1,5%,10%,16.7,125%,0.6,"39,751,747","15,000,531(38%)",827
thuongmai,HDC,16.5(-0.1),"1,910",8.6,6%,13%,15.4,107%,0.5,"45,078,437","20,145,467(45%)",744
thuongmai,HLG,11.8(-0.1),"2,888",4.1,7%,21%,13.8,86%,0.6,"44,225,385","21,743,938(49%)",528
thuongmai,GIL,35.0(0),"4,107",8.5,4%,12%,37.5,93%,0.1,"12,674,588","6,823,048(54%)",487
thuongmai,BTT,33.3(-2.1),"2,330",15.2,6%,10%,27.4,129%,0.6,"12,878,703","5,194,000(40%)",456
thuongmai,TNA,37(1.4),"6,771",5.3,7%,22%,32.1,111%,0.2,"12,592,167","4,951,340(39%)",448
thuongmai,HTG,18(-0.3),"2,974",6.2,3%,16%,0,0%,0,"22,500,000",0(0%),412
thuongmai,KHA,29.8(1.8),"2,652",10.6,7%,8%,35.1,80%,-0.6,"12,768,439","6,918,951(54%)",395
thuongmai,HTC,27.7(2.5),"3,621",7,9%,18%,20.3,124%,0.6,"11,000,000","5,145,000(47%)",277
thuongmai,CMV,22.5(0),"1,995",11.3,4%,14%,15,150%,-0.1,"12,103,912","5,930,916(49%)",272
thuongmai,CCI,14.9(0.1),"1,570",9.4,4%,11%,14.9,100%,0.5,"17,541,105","8,694,493(50%)",263
thuongmai,VHG,1.5(0.0),"-1,964",-0.7,-20%,-21%,9.6,15%,1.1,"150,000,000","73,500,000(49%)",218
thuongmai,SMA,11.1(0.6),820,12.8,2%,7%,11,96%,-0.2,"16,120,000","7,898,800(49%)",169
thuongmai,TMC,13(0),"1,691",7.7,6%,11%,15.5,84%,0.7,"12,400,000","6,076,000(49%)",161
thuongmai,PIT,6.4(0.1),-763,-8.3,-2%,-6%,12.5,50%,-0.2,"14,210,225","7,447,679(52%)",96
thuongmai,HTT,4.4(-0.1),488,9.2,2%,4%,11.5,39%,-0.2,"20,000,000",0(0%),90
thuongmai,CMS,4.8(0),384,12.5,2%,4%,12.3,39%,0.3,"17,200,000","8,428,000(49%)",83
thuongmai,TH1,5.4(0),"-7,223",-0.7,-10%,-221%,3.3,166%,0.2,"13,539,226","6,634,240(49%)",73
thuongmai,CKV,17.7(0),"1,302",13.6,3%,6%,21,84%,0.4,"4,050,000","1,984,500(49%)",72
thuysan,VHC,53.5(-0.2),"5,500",9.8,10%,18%,30.3,177%,0.6,"92,403,943","92,403,943(100%)","4,962"
thuysan,MPC,54(0.2),"4,943",10.9,5%,17%,34.8,155%,0.5,"70,000,000","34,300,000(49%)","3,780"
thuysan,SEA,15(-1.2),"2,054",7.9,10%,13%,15.8,103%,0,"125,000,000",0(0%),"2,025"
thuysan,HVG,7.9(-0.2),-496,-16.1,0%,-2%,14,57%,1.6,"222,038,291","91,927,804(41%)","1,816"
thuysan,ANV,10.9(-0.2),711,15.6,4%,7%,10.7,103%,0.5,"124,649,875","32,340,000(26%)","1,388"
thuysan,FMC,22.7(0.1),"3,128",7.2,7%,22%,14.2,159%,0.5,"39,000,000","14,700,000(38%)",883
thuysan,DAT,22.9(0),664,34.5,2%,6%,12.3,187%,1.8,"43,815,000","18,669,000(43%)",872
thuysan,SSN,19.7(0),"1,080",18.2,4%,9%,12.5,157%,0,"39,600,000","19,384,000(49%)",780
thuysan,ABT,30(1),"2,019",14.4,5%,6%,34.2,85%,0.3,"11,558,307","6,912,531(60%)",409
thuysan,SJ1,13.7(-1.5),"1,102",13.8,2%,8%,25.4,60%,0.1,"18,780,597","3,795,140(20%)",285
thuysan,AGF,8.9(-0.1),161,55.9,0%,1%,28.2,32%,0.4,"28,109,743","13,773,774(49%)",253
thuysan,ACL,8.1(-0.0),"1,216",6.7,2%,7%,16.4,50%,0.4,"22,799,675","9,014,991(40%)",185
thuysan,SPH,14.9(0),0,0,4%,6%,0,0%,0,"10,000,000","4,900,000(49%)",149
thuysan,AAM,10.4(-0.3),-241,-44,-1%,-1%,22.7,47%,0.2,"10,435,840","6,191,561(59%)",134
thuysan,TS4,7.5(-0.4),599,13.2,1%,4%,16.3,49%,0.1,"16,051,594","7,918,716(49%)",128
thuysan,SPD,7(0),"2,343",3,6%,21%,11.4,61%,0,"12,000,000","5,880,000(49%)",84
thuysan,SNC,12(0),"3,102",3.9,1%,4%,14.7,82%,0,"5,000,000","2,448,000(49%)",60
thuysan,CMX,4.3(0),"-3,358",-1.3,-6%,-90%,3.7,116%,1,"13,221,234","6,478,404(49%)",57
thuysan,BLF,3.9(0),441,8.8,1%,3%,13.8,28%,0.4,"10,500,000","5,145,000(49%)",41
thuysan,ICF,2.1(0),"-1,115",-1.9,-5%,-10%,10.8,19%,-0.3,"12,807,000","6,275,430(49%)",27
thuysan,NGC,7.1(0.1),"1,281",5.5,3%,11%,11.8,59%,0.1,"1,999,944","979,972(49%)",14
thuysan,AVF,0.4(0),"-2,080",-0.1,-97%,5%,-38,-1%,2.6,"43,338,000","21,171,609(49%)",13
thuysan,ATA,1(0.1),60,15,0%,0%,-25.2,-4%,-0.9,"11,999,998","5,879,999(49%)",11
thuysan,SCO,2.6(0.3),0,0,3%,-2%,-24.7,-9%,0,"4,200,000","2,058,000(49%)",10
thuysan,VNH,1(0),"-3,000",-0.3,-142%,-297%,1,92%,1.1,"8,023,071","3,931,304(49%)",7
vantai,GMD,40.2(0.3),"2,278",17.5,5%,7%,38.8,103%,0.8,"179,432,281","36,604,185(20%)","7,159"
vantai,DL1,67.7(2),101,650.5,4%,5%,11.8,556%,-0.1,"101,177,353","7,457,141(7%)","6,647"
vantai,PVT,18.8(-0.5),"1,326",14.5,5%,10%,15.6,123%,1,"281,440,162","125,370,195(45%)","5,418"
vantai,PHP,13.1(-0.2),"1,262",10.5,11%,14%,12,111%,0.2,"326,960,000","160,210,400(49%)","4,349"
vantai,DVP,63.9(-0.1),"7,275",8.8,26%,29%,24.9,257%,0.1,"40,000,000","19,600,000(49%)","2,560"
vantai,VSC,43(1.4),"4,805",8.7,10%,16%,36.6,114%,0.4,"50,112,856","22,322,999(45%)","1,895"
vantai,SGP,8.8(0.1),"1,674",5.2,9%,21%,8.2,106%,0,"216,294,961","105,984,457(49%)","1,882"
vantai,TMS,45(-1),"6,006",7.7,8%,16%,40.7,113%,-0.2,"34,564,342","14,994,045(43%)","1,590"
vantai,CDN,21(1),"1,320",15.2,11%,15%,13.2,151%,0.1,"99,000,000","32,143,700(32%)","1,320"
vantai,PDN,91.2(-0.2),"6,789",13.5,10%,21%,33.1,276%,-0.4,"12,347,987","6,050,513(49%)","1,129"
vantai,VNS,15.7(-0.4),"3,183",5,8%,13%,24.9,64%,0.4,"67,859,192","33,251,004(49%)","1,089"
vantai,CLL,28.4(1.9),"2,296",11.5,13%,14%,16.9,157%,-0.2,"34,000,000","16,660,000(49%)",901
vantai,VTO,8.8(0),"1,094",8,4%,8%,13.9,63%,0.5,"79,866,666","39,134,666(49%)",699
vantai,HAH,20(0.3),"4,226",4.7,12%,19%,22.1,89%,0,"34,507,818","11,366,153(33%)",682
vantai,BSG,10.2(0),37,275.7,0%,0%,10.2,100%,0,"60,000,000",0(0%),612
vantai,TCL,27.4(-0.1),"4,807",5.7,12%,16%,29.5,93%,0.4,"20,943,893","10,262,507(49%)",576
vantai,VIP,8.1(-0.3),720,11.6,3%,4%,16.1,52%,0.5,"68,470,941","33,550,761(49%)",573
vantai,VTV,16(-0.5),"4,107",4,7%,25%,16.5,100%,0.2,"31,199,825","15,287,914(49%)",515
vantai,VOS,3.3(-0.1),"-2,559",-1.3,-9%,-89%,2.9,117%,-0.5,"138,110,000","68,600,000(50%)",469
vantai,PVP,4.5(-0.3),480,10,1%,4%,11.3,43%,0,"94,275,028",0(0%),453
vantai,CCR,18(0),231,77.9,2%,2%,10.5,172%,0,"24,501,817","12,005,890(49%)",441
vantai,GSP,14(-0.2),"1,516",9.3,10%,13%,12,118%,0.2,"30,000,000","14,700,000(49%)",424
vantai,WCS,160(0),"23,875",6.7,22%,26%,92.7,173%,0.9,"2,500,000","1,225,000(49%)",400
vantai,SFI,29.5(0),"3,443",8.6,5%,9%,30.9,95%,0.1,"11,368,242","5,308,213(47%)",335
vantai,DXP,12.8(-0.1),969,13.3,7%,8%,12.6,102%,0.2,"25,987,027","3,858,736(15%)",335
vantai,VNF,55(0),"8,996",6.1,9%,20%,46.7,118%,0.6,"5,600,000","2,744,000(49%)",308
vantai,HRT,4.3(0.5),43,88.4,0%,0%,10,38%,0,"80,058,970",0(0%),304
vantai,PSN,7.5(0),828,9.1,4%,7%,12.4,60%,0,"40,000,000",0(0%),300
vantai,CMP,9.6(0),524,18.3,4%,5%,11.1,86%,0,"32,405,415","15,122,527(47%)",296
vantai,CNH,11.7(0),179,65.4,2%,2%,10.1,115%,0,"24,539,049","12,024,134(49%)",287
vantai,CCT,10(0),-133,-75.2,-1%,-1%,9.6,105%,0,"28,480,000",0(0%),285
vantai,HTC,27.7(2.5),"3,621",7,9%,18%,20.3,124%,0.6,"11,000,000","5,145,000(47%)",277
vantai,TCW,18.6(0.6),"1,922",9.4,10%,22%,20.7,87%,0,"14,998,258",0(0%),270
vantai,TCO,13(-0.4),985,13.6,8%,9%,11.1,121%,-0.5,"18,711,000","9,168,390(49%)",251
vantai,VFC,7.2(0),-217,-33.2,0%,-1%,14.4,50%,0.2,"33,976,121","1,435,034(4%)",245
vantai,VGP,28.6(0),"1,354",21.1,1%,7%,18.9,151%,0.5,"8,053,022","4,025,199(50%)",235
vantai,MHC,6.8(-0.0),121,56.4,1%,1%,15.1,45%,0.9,"32,735,090","13,948,559(43%)",224
vantai,PJT,13.8(-0.7),"2,332",6.2,8%,17%,13.5,108%,0.5,"15,360,478","5,300,446(35%)",223
vantai,VNT,25.7(0),"1,257",20.4,1%,8%,15,171%,0.3,"8,529,890","4,206,792(49%)",221
vantai,HHG,7.7(0.1),"1,616",4.7,8%,13%,12.1,63%,0.8,"28,840,125","14,131,661(49%)",219
vantai,PCT,9.5(0),101,94.1,1%,1%,11.1,86%,0.6,"23,000,000","11,270,000(49%)",218
vantai,NAP,10(0),961,10.4,8%,9%,10.7,93%,0,"21,517,200","10,543,428(49%)",215
vantai,HTV,16(0),"1,380",11.6,4%,6%,24,67%,-0.1,"13,104,000","6,420,960(49%)",210
vantai,IST,17(0),"3,380",5,11%,27%,12.5,136%,0,"12,008,672",0(0%),204
vantai,VFR,12(0),"3,639",3.3,11%,18%,19.9,60%,-1,"15,000,000","7,350,000(49%)",180
vantai,VNL,19.6(0),"2,547",7.7,6%,12%,21.9,89%,0.3,"9,000,000","4,410,000(49%)",176
vantai,PJC,30(0),"3,667",8.2,11%,22%,16.5,182%,0.9,"5,861,556","2,872,162(49%)",176
vantai,PSP,7.5(0),372,20.2,1%,2%,19.4,39%,0,"22,500,000","11,018,800(49%)",169
vantai,MAC,8.2(0.4),861,9.1,5%,7%,11.8,66%,0.1,"14,419,289","7,065,451(49%)",112
vantai,QSP,10.1(0),0,0,12%,16%,0,0%,0,"10,792,275",0(0%),109
vantai,PSC,12(0.4),"1,974",5.9,6%,12%,16.5,70%,0.9,"7,200,000","3,528,000(49%)",84
vantai,STT,10(-0.4),"-1,633",-6.4,-20%,-55%,2.2,463%,-0.2,"8,000,000","3,920,000(49%)",83
vantai,TJC,7.7(0),44,175,0%,0%,14.7,52%,0.8,"8,600,000","4,214,000(49%)",66
vantai,TNP,9(0),352,25.6,9%,10%,11.1,81%,0,"7,100,000",0(0%),64
vantai,QTC,22.7(-0.8),"3,497",6.7,11%,21%,17,138%,0.1,"2,700,000","1,323,000(49%)",63
vantai,DVC,10.3(0),274,37.6,8%,13%,18.6,55%,0,"6,046,637","2,279,197(38%)",62
vantai,DNL,14.5(0),4,"3,625",11%,12%,14,104%,0,"4,310,000","1,750,100(41%)",62
vantai,SAC,14.6(0),"1,805",8.1,10%,14%,12.8,114%,0,"4,050,000",0(0%),59
vantai,VST,1(0.1),"-5,626",-0.2,-20%,48%,-11.7,-8%,0.3,"58,999,337","28,787,087(49%)",53
vantai,MNC,5.5(0.5),790,6.3,1%,7%,11.7,43%,0.5,"9,279,261","4,546,837(49%)",46
vantai,VSP,1.1(0),"-61,878",0,-221%,131%,-4.3,-26%,1.5,"32,915,803","18,375,501(56%)",42
vantai,CCP,17(0),550,30.9,8%,8%,14.3,119%,0,"2,400,000",0(0%),41
vantai,HCT,17.8(0),900,19.8,4%,4%,20.4,87%,1,"2,016,385","988,028(49%)",36
vantai,PGT,3.9(0),"-1,264",-3.1,-18%,-19%,6.8,58%,0.6,"9,241,801","4,528,482(49%)",36
vantai,PTS,6.1(0.2),945,6.2,3%,6%,15.7,37%,0.9,"5,568,000","2,728,320(49%)",33
vantai,VNA,1.5(0),"-6,889",-0.2,-16%,1000%,-0.5,-331%,0.3,"20,000,000","9,800,000(49%)",30
vantai,PRC,17(0),"2,933",5.8,5%,12%,25.2,67%,-0.4,"1,200,000","588,000(49%)",20
vantai,GTT,0.4(0),"-6,430",-0.1,-34%,48%,-13.5,-3%,0.2,"43,503,000","21,306,095(49%)",17
vantai,HDO,0.8(0),"-3,253",-0.3,-24%,-68%,4.8,19%,0.5,"14,819,879","7,330,340(49%)",13
vantai,VSG,1.1(0),0,0,-14%,16%,-21.8,-5%,1.4,"11,044,000","5,229,260(47%)",12
vantai,DDM,0.7(0),"-9,611",-0.1,-14%,20%,-48.1,-1%,0.7,"12,244,495","5,974,325(49%)",9
vlxd,VCS,232.5(-4.5),"13,163",18,29%,49%,26.6,891%,0.5,"80,000,000","25,969,632(32%)","18,960"
vlxd,VGC,26.8(0.6),"2,156",12.2,5%,13%,20.9,126%,1.7,"307,000,000","117,293,600(38%)","8,043"
vlxd,HT1,15.6(-0.5),"1,319",12.1,4%,10%,13.2,122%,1,"381,541,911","155,820,000(41%)","6,105"
vlxd,CTI,30.4(0.6),"2,185",13.6,3%,10%,22.4,133%,0.3,"60,999,997","16,169,998(27%)","1,818"
vlxd,CVT,53.8(0.7),"6,811",7.8,17%,39%,17.4,306%,0.7,"28,223,903","19,199,968(68%)","1,499"
vlxd,NNC,51.5(0),"8,700",5.9,33%,39%,22.4,230%,0.2,"21,920,000","8,055,698(37%)","1,129"
vlxd,MVC,10.4(-0.6),619,17.8,4%,6%,11,100%,0,"100,000,000",0(0%),"1,100"
vlxd,VHL,55.9(2.9),"5,119",10.4,10%,24%,21.6,245%,0.5,"25,000,000","7,840,000(31%)",848
vlxd,BCC,7.6(0),219,34.7,0%,1%,15.9,48%,0.6,"110,010,054","46,874,084(43%)",836
vlxd,BTS,4.8(0),350,13.7,1%,3%,12.2,39%,0.1,"119,961,769","53,437,534(45%)",576
vlxd,VTV,16(-0.5),"4,107",4,7%,25%,16.5,100%,0.2,"31,199,825","15,287,914(49%)",515
vlxd,DHA,33.3(0.3),"4,441",7.4,17%,18%,24,137%,0.4,"15,061,213","7,408,773(49%)",499
vlxd,HOM,4.1(0),241,17,1%,2%,13.3,31%,0,"69,228,600","35,280,000(51%)",295
vlxd,VIT,17.5(-0.1),"3,030",5.8,5%,29%,10.3,170%,0.2,"19,500,000","7,350,000(38%)",264
vlxd,CCM,33(-0.1),"8,090",4.1,12%,26%,31.7,104%,0.2,"6,199,900","2,254,000(36%)",205
vlxd,ACC,20.3(-0.1),"2,822",7.2,9%,14%,0,0%,0.1,"10,000,000","4,900,000(49%)",204
vlxd,PX1,10(0),0,0,4%,29%,0,0%,0,"20,000,000","9,800,000(49%)",200
vlxd,CQT,7.4(0),"-1,549",-4.8,-4%,-38%,4,183%,0,"25,000,000",0(0%),185
vlxd,CLH,16.9(0),"1,745",9.7,4%,13%,13.4,126%,0.4,"10,000,000","4,900,000(49%)",169
vlxd,DIC,6.2(-0.0),675,9.3,1%,6%,11.1,57%,0,"26,585,840","13,027,061(49%)",167
vlxd,HVX,4.5(0),208,21.5,1%,2%,10.4,43%,-0.1,"43,440,000","19,580,401(45%)",166
vlxd,GMX,26.9(0),"4,060",6.6,19%,26%,15.7,172%,1.2,"5,320,694","2,607,140(49%)",143
vlxd,DTC,13(0),"2,541",5.1,9%,42%,15.2,86%,0.4,"10,000,000","1,609,172(16%)",130
vlxd,TTC,19.2(0),"3,093",6.2,9%,17%,18.4,104%,0.5,"5,992,348","2,936,250(49%)",115
vlxd,HCC,17.6(0.1),"3,688",4.7,14%,26%,14.1,124%,0.3,"6,518,586","1,798,555(28%)",114
vlxd,YBC,19.5(0),0,0,0%,6%,7.3,265%,0.9,"5,837,430","2,856,540(49%)",114
vlxd,BTD,16.7(-0.1),0,0,10%,23%,0,0%,0,"6,414,100",0(0%),108
vlxd,TLT,15.4(2),"1,898",6.8,10%,55%,7.7,168%,0.7,"6,989,800","3,380,602(48%)",91
vlxd,ACE,26.9(-2.6),"1,806",16.3,16%,30%,0,0%,0,"3,050,781","1,489,482(49%)",90
vlxd,QNC,3.5(0),"-1,978",-1.8,-3%,-29%,6.9,50%,0,"25,105,109","9,041,043(36%)",88
vlxd,NHC,29(0),"4,271",6.8,17%,20%,20.1,144%,-1.2,"3,041,542","1,490,355(49%)",88
vlxd,BBS,12.6(0),"1,141",11,2%,7%,17.3,73%,0.5,"6,000,000","2,058,000(34%)",76
vlxd,MCC,14(0.1),"1,784",7.8,10%,13%,13.7,101%,0.1,"4,986,124","2,457,900(49%)",70
vlxd,TXM,9(-0.9),"1,231",8,4%,7%,17,58%,-0.1,"7,000,000","3,430,000(49%)",69
vlxd,VTA,8(0),"1,794",4.5,7%,25%,7.2,112%,1.8,"8,000,000","3,914,640(49%)",64
vlxd,SDN,37(0),"4,721",7.8,10%,21%,22.2,167%,0.1,"1,518,218","743,926(49%)",56
vlxd,DC4,10(0),363,27.5,2%,6%,15.2,66%,-0.5,"14,055,756","2,700,909(19%)",55
vlxd,PTE,4.3(0),"-1,036",-4.2,-3%,121%,-0.9,-501%,0,"12,500,000","6,125,000(49%)",54
vlxd,SCJ,2.9(0.2),"-2,138",-1.3,-4%,-18%,11.6,23%,0.1,"19,516,000","9,562,840(49%)",53
vlxd,SCL,3.8(0.1),-847,-4.4,-4%,-7%,12.2,30%,0,"13,889,973","6,806,086(49%)",51
vlxd,TMX,8.2(0),"1,227",6.7,4%,8%,16.1,51%,-0.2,"6,000,000","2,940,000(49%)",49
vlxd,NAV,5.8(0),-549,-10.6,-3%,-6%,10,59%,0,"8,000,000","3,920,000(49%)",47
vlxd,KCE,30.8(0),"1,910",16.1,18%,25%,20.1,154%,0,"1,500,000","735,000(49%)",46
vlxd,VCX,1.8(0.2),"1,607",1,5%,36%,4.4,36%,0,"26,530,000","12,979,500(49%)",42
vlxd,DCT,1.5(0),"-4,452",-0.3,-15%,119%,-3.8,-40%,0.7,"27,223,647","13,201,905(48%)",41
vlxd,DXV,4.4(0.3),335,12.3,2%,3%,12.2,34%,0.4,"9,900,000","4,851,000(49%)",41
vlxd,VXB,10.4(0.9),"1,600",5.9,3%,11%,15.1,63%,0.9,"4,049,006","1,984,012(49%)",38
vlxd,TCR,3.3(-0.1),-690,-4.9,-2%,-5%,13.4,25%,-0.7,"45,425,142","4,983,263(11%)",35
vlxd,SDY,7.2(0),"-2,565",-2.8,-19%,-1000%,0.1,6011%,-0.6,"4,500,000","2,205,000(49%)",32
vlxd,VTS,13.5(0),655,20.6,2%,3%,23.6,57%,0.7,"2,000,205","980,100(49%)",27
vlxd,LCC,3.1(0),0,0,-20%,21%,0,0%,0,"5,838,999","2,861,109(49%)",18
vlxd,BHT,3.6(0),"-2,862",-1.3,-8%,-114%,2.5,143%,0.9,"4,600,000","2,254,000(49%)",16
vlxd,HLY,14.4(0),874,16.5,2%,4%,23.4,61%,0.3,"999,905","490,000(49%)",14
vlxd,TBX,8.1(0),443,18.3,1%,3%,15,54%,0,"1,510,280","740,037(49%)",12
vlxd,BHC,2.6(0.2),0,0,-2%,10%,-5.2,-47%,0.8,"4,500,000","2,193,600(49%)",11
vlxd,DAC,9(0),0,0,4%,17%,0,0%,-0.1,"1,004,974","436,269(43%)",9
vlxd,PPG,1.1(0),"-3,429",-0.3,-16%,-209%,3.8,29%,0.2,"7,103,700","2,334,548(33%)",8
vlxd,CYC,2(0),263,7.6,1%,4%,6.4,31%,0.8,"9,046,425","975,359(11%)",4
xaydung,ROS,172.5(2.5),837,203.1,5%,8%,10.9,1560%,0.7,"472,999,999",0(0%),"80,410"
xaydung,CTD,226(3),"21,448",10.4,12%,24%,88.9,251%,0.7,"76,983,344","22,960,189(30%)","17,182"
xaydung,VCG,21.7(0.3),"1,440",14.9,4%,11%,16.8,127%,2.3,"441,710,673","216,438,229(49%)","9,453"
xaydung,DXG,21.5(0.9),"2,841",7.3,12%,27%,14.9,138%,1.1,"303,134,686","57,459,149(19%)","6,246"
xaydung,DIG,20.6(0.2),346,59,1%,3%,11.9,171%,0.6,"238,194,819","113,530,461(48%)","4,859"
xaydung,HBC,44.5(-0.4),"6,745",6.6,6%,39%,17.4,258%,0.1,"128,852,717","46,279,258(36%)","4,276"
xaydung,BCI,34.5(0),"1,544",22.3,5%,6%,23.9,145%,0.3,"86,720,144","42,492,870(49%)","2,992"
xaydung,CC1,19.5(0.5),"1,344",14.1,3%,17%,18,106%,0,"110,000,000",0(0%),"2,090"
xaydung,VLB,35(2.5),"3,514",9.2,21%,26%,13.5,240%,0,"45,000,000",0(0%),"1,462"
xaydung,HAN,10.1(0),934,10.8,1%,7%,11.6,87%,0,"141,048,000",0(0%),"1,425"
xaydung,VCP,26(0),"1,606",16.2,5%,12%,0,0%,0,"45,599,995",0(0%),"1,186"
xaydung,LIC,9.9(0),"-1,130",-8.8,-11%,-80%,6.1,163%,0,"90,000,000",0(0%),891
xaydung,TV2,140.9(1.3),"27,072",5.2,10%,40%,67.9,206%,-0.6,"5,863,470","764,814(13%)",819
xaydung,CTX,27(1),"2,492",10.4,3%,11%,22.1,118%,0.4,"26,353,800","12,913,362(49%)",685
xaydung,VNE,7.4(0.0),"1,252",5.8,7%,11%,11.8,62%,0.6,"88,834,033","40,355,177(45%)",661
xaydung,C32,38.3(0.2),"6,780",5.6,14%,21%,31.9,120%,0.5,"13,663,992","5,488,000(40%)",521
xaydung,THG,44.6(1.4),"8,060",5.4,12%,32%,25.2,171%,-0.2,"11,999,907","4,900,000(41%)",518
xaydung,VC3,17.8(0.2),"2,710",6.5,9%,23%,11.7,151%,1,"28,379,461","10,779,873(38%)",499
xaydung,TV1,17.9(-0.1),409,44,1%,3%,12.5,144%,-0.8,"26,691,319","13,078,746(49%)",480
xaydung,SC5,25.1(-0.4),"4,258",6,3%,19%,22.5,113%,-0.1,"14,984,543","7,342,429(49%)",382
xaydung,HC3,26(1.5),"7,119",3.4,10%,14%,23.9,102%,0,"15,543,029",0(0%),381
xaydung,TKC,26(0.1),"2,539",10.2,3%,17%,15.2,170%,0.3,"10,732,232","5,577,293(52%)",295
xaydung,C47,15.7(0.6),"1,467",10.3,1%,7%,19.3,78%,0.4,"17,020,130","5,880,000(35%)",257
xaydung,SDU,12.4(-0.3),160,79.4,0%,1%,17.2,74%,-2.7,"20,000,000","9,800,000(49%)",254
xaydung,VC2,16.4(-0.5),"1,283",13.2,1%,7%,18.5,91%,-0.1,"15,000,000","5,880,000(39%)",253
xaydung,VC7,17.3(0.3),"1,880",9,6%,15%,12.3,138%,0,"10,999,984","3,920,000(36%)",187
xaydung,ICC,49(0),0,0,10%,66%,0,0%,0,"3,800,000","1,862,000(49%)",186
xaydung,RCD,31.8(0),0,0,28%,65%,0,0%,0,"5,300,062","2,597,030(49%)",169
xaydung,VC9,13.7(0.3),"1,327",10.1,1%,8%,15.9,84%,-0.1,"11,695,200","5,880,000(50%)",161
xaydung,ICG,6.9(-0.1),619,11.3,2%,4%,14,50%,0.2,"20,000,000","9,800,000(49%)",140
xaydung,ICN,25.3(1),188,135.1,1%,16%,13.9,183%,0,"5,000,000","2,450,000(49%)",127
xaydung,PTC,6(-0.4),-390,-16.3,-2%,-4%,13.7,46%,0.2,"17,999,999","8,819,999(49%)",114
xaydung,LAI,12(0),"16,584",0.7,4%,12%,14.8,81%,0,"8,550,000","4,189,500(49%)",103
xaydung,VC1,13.5(0),"1,871",7.2,2%,6%,31.2,43%,-0.2,"4,600,000,007,388,000","3,626,000(0%)",100
xaydung,HU4,6.5(0),815,8,2%,5%,16.1,40%,0,"15,000,000","7,350,000(49%)",98
xaydung,HU3,9.1(0),"1,423",6.4,2%,8%,18.3,50%,0.2,"9,999,944","4,899,972(49%)",91
xaydung,MST,3.4(-0.2),477,7.5,3%,4%,11.4,32%,0.3,"18,000,000","8,820,000(49%)",65
xaydung,VE9,4.3(-0.1),"6,407",0.7,40%,60%,10.6,42%,0.3,"12,523,613","6,136,570(49%)",55
xaydung,CEG,11.5(0),0,0,3%,12%,0,0%,0,"3,800,000",0(0%),44
xaydung,C92,7.2(0),802,9,1%,7%,12.2,59%,-1.2,"5,312,920","2,603,330(49%)",38
dtpt,SDI,87(-0.2),"4,963",17.5,5%,22%,22.1,394%,0,"287,989,920","58,486,842(20%)","10,440"
dtpt,DVP,63.9(-0.1),"7,275",8.8,26%,29%,24.9,257%,0.1,"40,000,000","19,600,000(49%)","2,560"
dtpt,FIT,8.5(-0.2),410,21,3%,3%,15.7,55%,1.3,"254,730,247","94,838,991(37%)","2,193"
dtpt,IDI,10.9(-0.4),"1,294",8.7,4%,10%,13.1,86%,1.4,"181,609,671","88,988,738(49%)","2,043"
dtpt,SAM,7.3(0.0),186,39.3,1%,2%,13.9,52%,1.2,"241,785,703","88,315,314(37%)","1,767"
dtpt,HHS,4.8(-0.0),274,17.6,2%,2%,11.3,43%,0.5,"274,744,063","134,624,590(49%)","1,324"
dtpt,SJF,16.4(0),271,60.3,3%,5%,12.7,128%,0.7,"66,000,000",0(0%),"1,079"
dtpt,SEB,50(2),"8,153",5.9,20%,38%,23.6,203%,0.4,"20,000,000","9,800,000(49%)",960
dtpt,ND2,22(0),"2,083",10.6,5%,18%,13.1,168%,0,"47,966,746","20,349,328(42%)",914
dtpt,FDC,26.4(-0.1),-255,-103.7,-1%,-1%,20.5,129%,0.1,"27,609,988","13,528,894(49%)",730
dtpt,FTM,12.4(0),812,15.3,2%,7%,11.3,110%,-0.2,"50,000,000",0(0%),620
dtpt,TCD,17.7(0),"1,448",12.2,2%,16%,12,147%,0.4,"34,434,034",0(0%),609
dtpt,LGL,11.5(-0.1),573,20.2,1%,5%,13.4,87%,0.5,"34,593,784","9,799,644(28%)",401
dtpt,HLD,13.7(0.2),296,45.6,2%,3%,11,123%,0,"40,000,000","9,800,000(25%)",270
dtpt,EID,14.8(0.5),"2,606",5.5,8%,15%,16.9,85%,0.3,"15,000,000","7,350,000(49%)",215
dtpt,SED,21(0),"3,749",5.6,10%,18%,21.3,99%,-0.2,"10,000,000","4,900,000(49%)",210
dtpt,CCL,4.0(-0.1),95,43.6,1%,1%,10.7,39%,-0.5,"35,499,885","17,394,943(49%)",147
dtpt,KSH,2.2(-0.0),51,43.5,0%,1%,11.5,19%,0.2,"57,509,675","13,746,215(24%)",128
dtpt,VCR,3.3(0),-403,-8.2,-2%,-5%,8.6,38%,1.2,"35,240,000","17,640,000(50%)",119
dtpt,BII,2.1(0.1),59,33.9,0%,0%,10.5,19%,1.3,"57,680,000","28,263,200(49%)",115
dtpt,CLG,5.0(-0.2),96,54.2,0%,1%,11.9,44%,0.6,"21,150,000","10,363,500(49%)",110
dtpt,DAD,19.8(0),"2,528",7.8,12%,15%,16.5,120%,0.4,"4,988,000","2,450,000(49%)",99
dtpt,FID,2.4(0.2),35,62.9,1%,1%,10.1,22%,0.2,"23,539,998","10,779,999(46%)",48
dtpt,VLA,16(1.2),"1,545",9.6,10%,11%,14.6,102%,-0.6,"1,080,000","529,200(49%)",16
dtxd,CII,35.2(0.3),"5,681",6.1,8%,22%,27.3,128%,0.4,"279,806,415","134,175,836(48%)","9,751"
dtxd,LGC,23.5(1.0),981,22.9,3%,8%,16.3,138%,-0.6,"192,436,555","65,127,054(34%)","4,339"
dtxd,BCI,34.5(0),"1,544",22.3,5%,6%,23.9,145%,0.3,"86,720,144","42,492,870(49%)","2,992"
dtxd,HUT,10.7(-0.1),"1,326",8.1,3%,10%,13.1,82%,1.3,"251,058,913","82,524,533(33%)","2,711"
dtxd,ASM,10.6(-0.1),672,15.8,2%,5%,12.7,83%,0.7,"241,933,853","107,770,534(45%)","2,564"
dtxd,VCP,26(0),"1,606",16.2,5%,12%,0,0%,0,"45,599,995",0(0%),"1,186"
dtxd,CEE,24.6(-0.1),"1,869",13.2,4%,17%,12,205%,1.1,"41,500,000",0(0%),"1,023"
dtxd,CTX,27(1),"2,492",10.4,3%,11%,22.1,118%,0.4,"26,353,800","12,913,362(49%)",685
dtxd,VNE,7.4(0.0),"1,252",5.8,7%,11%,11.8,62%,0.6,"88,834,033","40,355,177(45%)",661
dtxd,C32,38.3(0.2),"6,780",5.6,14%,21%,31.9,120%,0.5,"13,663,992","5,488,000(40%)",521
dtxd,THG,44.6(1.4),"8,060",5.4,12%,32%,25.2,171%,-0.2,"11,999,907","4,900,000(41%)",518
dtxd,HTI,16.5(0),"3,061",5.4,5%,18%,17,97%,0.2,"24,949,200","12,225,108(49%)",412
dtxd,RGC,3.9(-0.4),-141,-30.5,-1%,-2%,9,48%,0,"89,123,600",0(0%),383
dtxd,CSC,31.3(0),"4,512",6.9,13%,41%,18.8,167%,0.1,"10,000,000","4,900,000(49%)",313
dtxd,SDU,12.4(-0.3),160,79.4,0%,1%,17.2,74%,-2.7,"20,000,000","9,800,000(49%)",254
dtxd,LHC,58.5(-0.5),"8,429",7,11%,18%,86.5,68%,-0.1,"3,600,000","1,764,000(49%)",212
dtxd,VSI,14.6(0),"2,338",6.2,6%,15%,15.1,97%,-0.4,"13,200,000","6,468,000(49%)",193
dtxd,PXL,2.3(0),125,18.4,1%,1%,10.1,23%,0.8,"82,500,412","40,479,004(49%)",190
dtxd,BCE,5.6(0),720,7.8,2%,6%,11.5,49%,0.1,"30,000,000","14,700,000(49%)",168
dtxd,CCL,4.0(-0.1),95,43.6,1%,1%,10.7,39%,-0.5,"35,499,885","17,394,943(49%)",147
dtxd,DND,15.6(-1),94,176.6,3%,5%,12,138%,0,"8,834,000",0(0%),147
dtxd,ICN,25.3(1),188,135.1,1%,16%,13.9,183%,0,"5,000,000","2,450,000(49%)",127
dtxd,PTC,6(-0.4),-390,-16.3,-2%,-4%,13.7,46%,0.2,"17,999,999","8,819,999(49%)",114
dtxd,LAI,12(0),"16,584",0.7,4%,12%,14.8,81%,0,"8,550,000","4,189,500(49%)",103
dtxd,HU4,6.5(0),815,8,2%,5%,16.1,40%,0,"15,000,000","7,350,000(49%)",98
dtxd,HU3,9.1(0),"1,423",6.4,2%,8%,18.3,50%,0.2,"9,999,944","4,899,972(49%)",91
dtxd,HU1,7.5(0),227,33,0%,1%,0,0%,0.5,"10,000,000","4,900,000(49%)",75
dtxd,CT3,7.4(0),0,0,3%,9%,0,0%,0,"8,000,000","3,920,000(49%)",59
dtxd,VE9,4.3(-0.1),"6,407",0.7,40%,60%,10.6,42%,0.3,"12,523,613","6,136,570(49%)",55
dtxd,L18,9.5(0),"2,276",4.2,2%,11%,43.4,22%,0.5,"7,452,000","2,646,000(36%)",51
dtxd,PVV,1.4(0),"-1,051",-1.3,-2%,-25%,4.4,32%,0.5,"30,000,000","14,700,000(49%)",42
dtxd,ICI,9(0),0,0,0%,0%,16.3,55%,0,"4,000,000","1,960,000(49%)",36
dtxd,TTZ,4.7(0.4),200,21.5,1%,2%,11.4,38%,1.6,"7,000,000","2,572,500(37%)",30
dtxd,LUT,1.6(-0.1),"-1,051",-1.6,-3%,-9%,11.1,15%,0.7,"14,960,000","7,350,000(49%)",26
dtxd,CI5,9(0),0,0,3%,17%,0,0%,0,"4,500,000","1,307,479(29%)",24
dtxd,TNY,8(0),293,27.3,1%,12%,32.6,25%,0,"3,000,000","1,470,000(49%)",24
dtxd,NTB,0.5(0),"-8,259",-0.1,-11%,38%,-21.5,-2%,0.9,"39,779,577","19,341,062(49%)",20
dtxd,MCI,5.3(0),0,0,-8%,101%,0,0%,0,"3,500,000","2,940,000(84%)",19
dtxd,VHH,2.6(0),0,0,-6%,-15%,7.5,35%,2.2,"7,500,000","2,940,000(39%)",19
dtxd,BHT,3.6(0),"-2,862",-1.3,-8%,-114%,2.5,143%,0.9,"4,600,000","2,254,000(49%)",16
dtxd,SDX,5.2(0),0,0,-15%,-77%,4.1,127%,0,"2,250,000","1,225,000(54%)",12
dtxd,QCC,7.3(0.1),"1,144",6.3,7%,9%,15.9,45%,1.9,"1,500,000","724,900(48%)",11
dtxd,VES,1(0),0,0,-168%,-302%,1.7,64%,4.8,"9,007,500","4,408,675(49%)",10
dtxd,I10,0.8(0),4,200,-23%,126%,-3.2,-25%,0,"3,500,000","1,715,000(49%)",3
